ano,data,campanha,sessoes,transacoes,receita,origem_midia_sessao,plataforma,funil,impressoes,cliques,custo,canal
2024,2024-11-01,tt_ads_top_blackfriday_video_awareness,4966,17,2828.56,tiktok / cpc,TikTok Ads,Topo,141370,2369,1559.06,TikTok
2024,2024-11-01,tt_ads_top_blackfriday_video_discovery,2696,17,2089.35,tiktok / cpc,TikTok Ads,Topo,173786,2190,1512.27,TikTok
2024,2024-11-01,tt_ads_top_blackfriday_video_oferta,3760,29,5776.05,tiktok / cpc,TikTok Ads,Topo,97814,1735,711.42,TikTok
2024,2024-11-01,meta_ads_mid_blackfriday_retargeting,2103,5,990.22,meta / cpc,Meta Ads,Meio,84213,1973,2632.42,Meta
2024,2024-11-01,meta_ads_mid_blackfriday_engajamento,1026,22,4358.72,meta / cpc,Meta Ads,Meio,37401,650,1002.44,Meta
2024,2024-11-01,meta_ads_mid_blackfriday_catalogo,1665,24,5529.42,meta / cpc,Meta Ads,Meio,71704,1701,2260.72,Meta
2024,2024-11-01,gads_bot_blackfriday_search_50off,247,10,1746.76,google / cpc,Google Ads,Fundo,18551,252,622.91,Google
2024,2024-11-01,gads_bot_blackfriday_search_fretefree,1297,21,4365.68,google / cpc,Google Ads,Fundo,47170,1614,2119.96,Google
2024,2024-11-01,gads_bot_blackfriday_pmax_geral,902,12,3286.97,google / cpc,Google Ads,Fundo,33544,930,2712.09,Google
2024,2024-11-02,tt_ads_top_blackfriday_video_awareness,1092,13,2587.05,tiktok / cpc,TikTok Ads,Topo,95848,818,288.83,TikTok
2024,2024-11-02,tt_ads_top_blackfriday_video_discovery,2512,27,4340.33,tiktok / cpc,TikTok Ads,Topo,74409,1235,1085.75,TikTok
2024,2024-11-02,tt_ads_top_blackfriday_video_oferta,2668,15,1483.49,tiktok / cpc,TikTok Ads,Topo,85073,1396,1065.63,TikTok
2024,2024-11-02,meta_ads_mid_blackfriday_retargeting,440,9,1952.1,meta / cpc,Meta Ads,Meio,27166,267,197.32,Meta
2024,2024-11-02,meta_ads_mid_blackfriday_engajamento,1220,22,4439.21,meta / cpc,Meta Ads,Meio,31272,823,800.93,Meta
2024,2024-11-02,meta_ads_mid_blackfriday_catalogo,2849,29,5712.08,meta / cpc,Meta Ads,Meio,94665,2327,2465.49,Meta
2024,2024-11-02,gads_bot_blackfriday_search_50off,1081,11,2544.11,google / cpc,Google Ads,Fundo,18574,1036,2118.65,Google
2024,2024-11-02,gads_bot_blackfriday_search_fretefree,256,6,2401.92,google / cpc,Google Ads,Fundo,8796,299,389.81,Google
2024,2024-11-02,gads_bot_blackfriday_pmax_geral,1686,35,6757.2,google / cpc,Google Ads,Fundo,49410,1423,2878.25,Google
2024,2024-11-03,tt_ads_top_blackfriday_video_awareness,4865,35,7161.69,tiktok / cpc,TikTok Ads,Topo,181563,3499,2898.15,TikTok
2024,2024-11-03,tt_ads_top_blackfriday_video_discovery,1630,7,1098.66,tiktok / cpc,TikTok Ads,Topo,106791,1061,457.36,TikTok
2024,2024-11-03,tt_ads_top_blackfriday_video_oferta,5552,34,6722.22,tiktok / cpc,TikTok Ads,Topo,192756,3579,1838.81,TikTok
2024,2024-11-03,meta_ads_mid_blackfriday_retargeting,1343,12,2205.56,meta / cpc,Meta Ads,Meio,48248,745,1216.49,Meta
2024,2024-11-03,meta_ads_mid_blackfriday_engajamento,2833,43,5953.88,meta / cpc,Meta Ads,Meio,68987,1598,1188.65,Meta
2024,2024-11-03,meta_ads_mid_blackfriday_catalogo,4168,47,12728.7,meta / cpc,Meta Ads,Meio,75026,2509,3622.05,Meta
2024,2024-11-03,gads_bot_blackfriday_search_50off,2738,86,16623.68,google / cpc,Google Ads,Fundo,46710,2603,7394.91,Google
2024,2024-11-03,gads_bot_blackfriday_search_fretefree,227,8,2781.99,google / cpc,Google Ads,Fundo,10109,264,754.73,Google
2024,2024-11-03,gads_bot_blackfriday_pmax_geral,1873,18,2792.97,google / cpc,Google Ads,Fundo,37530,2113,5948.51,Google
2024,2024-11-04,tt_ads_top_blackfriday_video_awareness,1147,5,845.04,tiktok / cpc,TikTok Ads,Topo,114666,833,651.31,TikTok
2024,2024-11-04,tt_ads_top_blackfriday_video_discovery,2758,13,1565.8,tiktok / cpc,TikTok Ads,Topo,141806,2169,1737.76,TikTok
2024,2024-11-04,tt_ads_top_blackfriday_video_oferta,1149,9,1624.82,tiktok / cpc,TikTok Ads,Topo,100336,667,206.74,TikTok
2024,2024-11-04,meta_ads_mid_blackfriday_retargeting,1848,22,4271.35,meta / cpc,Meta Ads,Meio,99634,1617,2310.9,Meta
2024,2024-11-04,meta_ads_mid_blackfriday_engajamento,3543,55,7760.32,meta / cpc,Meta Ads,Meio,103404,3219,2739.0,Meta
2024,2024-11-04,meta_ads_mid_blackfriday_catalogo,1145,8,1524.28,meta / cpc,Meta Ads,Meio,49767,740,902.77,Meta
2024,2024-11-04,gads_bot_blackfriday_search_50off,703,4,1456.18,google / cpc,Google Ads,Fundo,10706,664,1407.86,Google
2024,2024-11-04,gads_bot_blackfriday_search_fretefree,1170,28,8950.9,google / cpc,Google Ads,Fundo,20690,1110,4583.9,Google
2024,2024-11-04,gads_bot_blackfriday_pmax_geral,1204,34,12640.35,google / cpc,Google Ads,Fundo,18955,1052,3278.31,Google
2024,2024-11-05,tt_ads_top_blackfriday_video_awareness,4909,38,5649.39,tiktok / cpc,TikTok Ads,Topo,167219,3195,1818.13,TikTok
2024,2024-11-05,tt_ads_top_blackfriday_video_discovery,4352,33,3842.9,tiktok / cpc,TikTok Ads,Topo,136340,2177,1628.17,TikTok
2024,2024-11-05,tt_ads_top_blackfriday_video_oferta,5133,31,6691.31,tiktok / cpc,TikTok Ads,Topo,201392,3226,1952.66,TikTok
2024,2024-11-05,meta_ads_mid_blackfriday_retargeting,5029,50,14974.64,meta / cpc,Meta Ads,Meio,89946,3071,3443.43,Meta
2024,2024-11-05,meta_ads_mid_blackfriday_engajamento,1491,14,2618.78,meta / cpc,Meta Ads,Meio,58542,1273,1192.71,Meta
2024,2024-11-05,meta_ads_mid_blackfriday_catalogo,4727,65,16092.56,meta / cpc,Meta Ads,Meio,85120,3007,4992.2,Meta
2024,2024-11-05,gads_bot_blackfriday_search_50off,2413,57,8631.77,google / cpc,Google Ads,Fundo,35872,2001,8764.27,Google
2024,2024-11-05,gads_bot_blackfriday_search_fretefree,366,13,4694.68,google / cpc,Google Ads,Fundo,9541,275,770.39,Google
2024,2024-11-05,gads_bot_blackfriday_pmax_geral,1552,49,9206.49,google / cpc,Google Ads,Fundo,36464,1186,4049.92,Google
2024,2024-11-06,tt_ads_top_blackfriday_video_awareness,2115,25,4687.43,tiktok / cpc,TikTok Ads,Topo,110038,1484,1065.82,TikTok
2024,2024-11-06,tt_ads_top_blackfriday_video_discovery,2986,22,3850.82,tiktok / cpc,TikTok Ads,Topo,149047,1522,1185.6,TikTok
2024,2024-11-06,tt_ads_top_blackfriday_video_oferta,2756,13,2380.71,tiktok / cpc,TikTok Ads,Topo,126603,2011,716.7,TikTok
2024,2024-11-06,meta_ads_mid_blackfriday_retargeting,1752,21,3432.87,meta / cpc,Meta Ads,Meio,103522,1518,2478.11,Meta
2024,2024-11-06,meta_ads_mid_blackfriday_engajamento,3646,28,3747.94,meta / cpc,Meta Ads,Meio,84613,2624,3218.84,Meta
2024,2024-11-06,meta_ads_mid_blackfriday_catalogo,2233,42,10025.9,meta / cpc,Meta Ads,Meio,67286,1725,2134.9,Meta
2024,2024-11-06,gads_bot_blackfriday_search_50off,1359,47,11168.05,google / cpc,Google Ads,Fundo,21855,978,3739.98,Google
2024,2024-11-06,gads_bot_blackfriday_search_fretefree,1947,25,7768.3,google / cpc,Google Ads,Fundo,32339,1580,2317.67,Google
2024,2024-11-06,gads_bot_blackfriday_pmax_geral,1544,28,4868.19,google / cpc,Google Ads,Fundo,37520,1259,2550.48,Google
2024,2024-11-07,tt_ads_top_blackfriday_video_awareness,1895,11,1034.54,tiktok / cpc,TikTok Ads,Topo,82459,1215,902.43,TikTok
2024,2024-11-07,tt_ads_top_blackfriday_video_discovery,3151,29,3827.81,tiktok / cpc,TikTok Ads,Topo,159412,2532,1000.62,TikTok
2024,2024-11-07,tt_ads_top_blackfriday_video_oferta,933,5,1035.62,tiktok / cpc,TikTok Ads,Topo,73706,454,327.88,TikTok
2024,2024-11-07,meta_ads_mid_blackfriday_retargeting,884,4,1199.2,meta / cpc,Meta Ads,Meio,65040,821,663.24,Meta
2024,2024-11-07,meta_ads_mid_blackfriday_engajamento,828,10,2744.44,meta / cpc,Meta Ads,Meio,50804,520,474.8,Meta
2024,2024-11-07,meta_ads_mid_blackfriday_catalogo,1626,16,4177.17,meta / cpc,Meta Ads,Meio,48038,1613,2291.68,Meta
2024,2024-11-07,gads_bot_blackfriday_search_50off,3039,87,18500.11,google / cpc,Google Ads,Fundo,52737,3037,10431.05,Google
2024,2024-11-07,gads_bot_blackfriday_search_fretefree,969,35,11152.6,google / cpc,Google Ads,Fundo,38895,811,2716.77,Google
2024,2024-11-07,gads_bot_blackfriday_pmax_geral,921,31,12941.98,google / cpc,Google Ads,Fundo,29757,809,1074.82,Google
2024,2024-11-08,tt_ads_top_blackfriday_video_awareness,2707,15,2513.86,tiktok / cpc,TikTok Ads,Topo,152395,1674,1186.81,TikTok
2024,2024-11-08,tt_ads_top_blackfriday_video_discovery,2399,12,1903.18,tiktok / cpc,TikTok Ads,Topo,116128,1118,757.29,TikTok
2024,2024-11-08,tt_ads_top_blackfriday_video_oferta,4523,28,4976.22,tiktok / cpc,TikTok Ads,Topo,206617,3588,2692.32,TikTok
2024,2024-11-08,meta_ads_mid_blackfriday_retargeting,2654,55,8256.83,meta / cpc,Meta Ads,Meio,99725,1999,2016.92,Meta
2024,2024-11-08,meta_ads_mid_blackfriday_engajamento,2020,30,4568.52,meta / cpc,Meta Ads,Meio,67426,1339,1615.24,Meta
2024,2024-11-08,meta_ads_mid_blackfriday_catalogo,795,13,3519.44,meta / cpc,Meta Ads,Meio,30184,572,350.64,Meta
2024,2024-11-08,gads_bot_blackfriday_search_50off,774,30,12283.45,google / cpc,Google Ads,Fundo,30807,564,2446.07,Google
2024,2024-11-08,gads_bot_blackfriday_search_fretefree,235,9,1723.47,google / cpc,Google Ads,Fundo,14772,261,790.1,Google
2024,2024-11-08,gads_bot_blackfriday_pmax_geral,3132,97,23845.48,google / cpc,Google Ads,Fundo,54734,2710,7673.6,Google
2024,2024-11-09,tt_ads_top_blackfriday_video_awareness,3162,12,2026.68,tiktok / cpc,TikTok Ads,Topo,145805,1969,1005.27,TikTok
2024,2024-11-09,tt_ads_top_blackfriday_video_discovery,2672,8,1486.92,tiktok / cpc,TikTok Ads,Topo,158519,1272,916.58,TikTok
2024,2024-11-09,tt_ads_top_blackfriday_video_oferta,5482,62,5822.01,tiktok / cpc,TikTok Ads,Topo,149825,2734,1202.79,TikTok
2024,2024-11-09,meta_ads_mid_blackfriday_retargeting,2447,49,13399.47,meta / cpc,Meta Ads,Meio,42243,1361,2299.05,Meta
2024,2024-11-09,meta_ads_mid_blackfriday_engajamento,2432,15,3066.59,meta / cpc,Meta Ads,Meio,109286,2094,2206.21,Meta
2024,2024-11-09,meta_ads_mid_blackfriday_catalogo,1863,35,8983.54,meta / cpc,Meta Ads,Meio,52181,1675,1027.82,Meta
2024,2024-11-09,gads_bot_blackfriday_search_50off,2854,59,12553.82,google / cpc,Google Ads,Fundo,58656,2878,9921.7,Google
2024,2024-11-09,gads_bot_blackfriday_search_fretefree,1346,18,6631.85,google / cpc,Google Ads,Fundo,31124,1628,2018.9,Google
2024,2024-11-09,gads_bot_blackfriday_pmax_geral,1135,46,8824.17,google / cpc,Google Ads,Fundo,40350,1130,4783.38,Google
2024,2024-11-10,tt_ads_top_blackfriday_video_awareness,4747,15,2482.36,tiktok / cpc,TikTok Ads,Topo,151862,2382,1024.46,TikTok
2024,2024-11-10,tt_ads_top_blackfriday_video_discovery,3200,22,2762.61,tiktok / cpc,TikTok Ads,Topo,117544,2400,1781.43,TikTok
2024,2024-11-10,tt_ads_top_blackfriday_video_oferta,4065,41,3993.7,tiktok / cpc,TikTok Ads,Topo,140781,2699,982.58,TikTok
2024,2024-11-10,meta_ads_mid_blackfriday_retargeting,861,12,2503.95,meta / cpc,Meta Ads,Meio,39291,592,769.83,Meta
2024,2024-11-10,meta_ads_mid_blackfriday_engajamento,2112,21,3760.72,meta / cpc,Meta Ads,Meio,35302,1253,1217.21,Meta
2024,2024-11-10,meta_ads_mid_blackfriday_catalogo,1755,10,1553.55,meta / cpc,Meta Ads,Meio,62519,1055,1823.71,Meta
2024,2024-11-10,gads_bot_blackfriday_search_50off,2785,52,15559.38,google / cpc,Google Ads,Fundo,54419,2306,9438.42,Google
2024,2024-11-10,gads_bot_blackfriday_search_fretefree,592,14,2800.32,google / cpc,Google Ads,Fundo,44214,700,3120.61,Google
2024,2024-11-10,gads_bot_blackfriday_pmax_geral,1324,36,14411.64,google / cpc,Google Ads,Fundo,31755,1039,1440.09,Google
2024,2024-11-11,tt_ads_top_blackfriday_video_awareness,2571,4,554.77,tiktok / cpc,TikTok Ads,Topo,84126,1461,1266.48,TikTok
2024,2024-11-11,tt_ads_top_blackfriday_video_discovery,3393,25,4836.76,tiktok / cpc,TikTok Ads,Topo,203623,1911,888.31,TikTok
2024,2024-11-11,tt_ads_top_blackfriday_video_oferta,3030,9,1065.3,tiktok / cpc,TikTok Ads,Topo,92457,1624,748.99,TikTok
2024,2024-11-11,meta_ads_mid_blackfriday_retargeting,1012,19,4990.67,meta / cpc,Meta Ads,Meio,44881,996,965.46,Meta
2024,2024-11-11,meta_ads_mid_blackfriday_engajamento,3822,24,4859.96,meta / cpc,Meta Ads,Meio,98818,2402,1827.49,Meta
2024,2024-11-11,meta_ads_mid_blackfriday_catalogo,2296,8,1379.7,meta / cpc,Meta Ads,Meio,45575,1327,1135.32,Meta
2024,2024-11-11,gads_bot_blackfriday_search_50off,1327,53,14648.07,google / cpc,Google Ads,Fundo,22718,1357,4112.92,Google
2024,2024-11-11,gads_bot_blackfriday_search_fretefree,643,23,9657.25,google / cpc,Google Ads,Fundo,20141,614,1540.27,Google
2024,2024-11-11,gads_bot_blackfriday_pmax_geral,2957,122,23923.13,google / cpc,Google Ads,Fundo,62468,2843,11312.02,Google
2024,2024-11-12,tt_ads_top_blackfriday_video_awareness,703,1,161.65,tiktok / cpc,TikTok Ads,Topo,92724,614,312.19,TikTok
2024,2024-11-12,tt_ads_top_blackfriday_video_discovery,4555,9,839.22,tiktok / cpc,TikTok Ads,Topo,206932,2257,1468.99,TikTok
2024,2024-11-12,tt_ads_top_blackfriday_video_oferta,6155,15,2536.22,tiktok / cpc,TikTok Ads,Topo,206581,3203,1752.03,TikTok
2024,2024-11-12,meta_ads_mid_blackfriday_retargeting,1976,15,3963.9,meta / cpc,Meta Ads,Meio,63478,1698,1102.07,Meta
2024,2024-11-12,meta_ads_mid_blackfriday_engajamento,3122,25,6048.27,meta / cpc,Meta Ads,Meio,113633,1941,1445.59,Meta
2024,2024-11-12,meta_ads_mid_blackfriday_catalogo,1316,11,1451.01,meta / cpc,Meta Ads,Meio,48148,729,1041.36,Meta
2024,2024-11-12,gads_bot_blackfriday_search_50off,1750,21,8601.66,google / cpc,Google Ads,Fundo,32763,1734,7079.59,Google
2024,2024-11-12,gads_bot_blackfriday_search_fretefree,1225,29,9137.76,google / cpc,Google Ads,Fundo,60103,927,2939.53,Google
2024,2024-11-12,gads_bot_blackfriday_pmax_geral,533,19,6641.41,google / cpc,Google Ads,Fundo,11411,365,882.36,Google
2024,2024-11-13,tt_ads_top_blackfriday_video_awareness,2235,23,2100.75,tiktok / cpc,TikTok Ads,Topo,216036,1489,1060.61,TikTok
2024,2024-11-13,tt_ads_top_blackfriday_video_discovery,1654,4,536.79,tiktok / cpc,TikTok Ads,Topo,112501,741,398.88,TikTok
2024,2024-11-13,tt_ads_top_blackfriday_video_oferta,2179,13,1750.32,tiktok / cpc,TikTok Ads,Topo,209890,1335,662.83,TikTok
2024,2024-11-13,meta_ads_mid_blackfriday_retargeting,1247,7,1045.12,meta / cpc,Meta Ads,Meio,37582,1222,1890.44,Meta
2024,2024-11-13,meta_ads_mid_blackfriday_engajamento,1480,28,5611.44,meta / cpc,Meta Ads,Meio,58540,1366,1781.05,Meta
2024,2024-11-13,meta_ads_mid_blackfriday_catalogo,2966,48,12273.42,meta / cpc,Meta Ads,Meio,101725,1939,2577.06,Meta
2024,2024-11-13,gads_bot_blackfriday_search_50off,2242,59,15400.38,google / cpc,Google Ads,Fundo,55990,2388,4070.19,Google
2024,2024-11-13,gads_bot_blackfriday_search_fretefree,1885,67,14963.84,google / cpc,Google Ads,Fundo,37114,1915,2649.7,Google
2024,2024-11-13,gads_bot_blackfriday_pmax_geral,397,10,3743.56,google / cpc,Google Ads,Fundo,23750,385,1729.01,Google
2024,2024-11-14,tt_ads_top_blackfriday_video_awareness,4190,26,3353.8,tiktok / cpc,TikTok Ads,Topo,195902,2828,2502.89,TikTok
2024,2024-11-14,tt_ads_top_blackfriday_video_discovery,2667,8,841.25,tiktok / cpc,TikTok Ads,Topo,90340,1616,946.93,TikTok
2024,2024-11-14,tt_ads_top_blackfriday_video_oferta,2881,25,5277.55,tiktok / cpc,TikTok Ads,Topo,172067,1489,920.06,TikTok
2024,2024-11-14,meta_ads_mid_blackfriday_retargeting,5612,69,19437.96,meta / cpc,Meta Ads,Meio,135206,3896,6694.95,Meta
2024,2024-11-14,meta_ads_mid_blackfriday_engajamento,1482,8,1790.67,meta / cpc,Meta Ads,Meio,79805,921,622.64,Meta
2024,2024-11-14,meta_ads_mid_blackfriday_catalogo,1414,31,4918.0,meta / cpc,Meta Ads,Meio,72487,1288,1826.13,Meta
2024,2024-11-14,gads_bot_blackfriday_search_50off,2121,71,20854.04,google / cpc,Google Ads,Fundo,61990,2614,6146.21,Google
2024,2024-11-14,gads_bot_blackfriday_search_fretefree,1683,35,14117.08,google / cpc,Google Ads,Fundo,29057,1526,2743.85,Google
2024,2024-11-14,gads_bot_blackfriday_pmax_geral,3590,84,17737.51,google / cpc,Google Ads,Fundo,61734,2976,4943.88,Google
2024,2024-11-15,tt_ads_top_blackfriday_video_awareness,2155,9,1773.56,tiktok / cpc,TikTok Ads,Topo,137162,1214,957.54,TikTok
2024,2024-11-15,tt_ads_top_blackfriday_video_discovery,3586,34,4510.55,tiktok / cpc,TikTok Ads,Topo,203375,2270,1793.21,TikTok
2024,2024-11-15,tt_ads_top_blackfriday_video_oferta,4511,31,6178.86,tiktok / cpc,TikTok Ads,Topo,237872,2717,2033.85,TikTok
2024,2024-11-15,meta_ads_mid_blackfriday_retargeting,1162,10,2026.42,meta / cpc,Meta Ads,Meio,43726,724,906.64,Meta
2024,2024-11-15,meta_ads_mid_blackfriday_engajamento,5476,29,8354.17,meta / cpc,Meta Ads,Meio,125946,3131,4237.02,Meta
2024,2024-11-15,meta_ads_mid_blackfriday_catalogo,2370,23,5477.54,meta / cpc,Meta Ads,Meio,130445,1743,2695.23,Meta
2024,2024-11-15,gads_bot_blackfriday_search_50off,1381,50,8424.08,google / cpc,Google Ads,Fundo,43726,1240,1625.21,Google
2024,2024-11-15,gads_bot_blackfriday_search_fretefree,1576,51,13202.17,google / cpc,Google Ads,Fundo,43807,1563,4642.72,Google
2024,2024-11-15,gads_bot_blackfriday_pmax_geral,655,15,4987.08,google / cpc,Google Ads,Fundo,18180,664,1979.74,Google
2024,2024-11-16,tt_ads_top_blackfriday_video_awareness,3750,7,1382.84,tiktok / cpc,TikTok Ads,Topo,165990,2710,1941.36,TikTok
2024,2024-11-16,tt_ads_top_blackfriday_video_discovery,4815,16,3269.01,tiktok / cpc,TikTok Ads,Topo,206831,3002,1663.58,TikTok
2024,2024-11-16,tt_ads_top_blackfriday_video_oferta,2763,33,3915.71,tiktok / cpc,TikTok Ads,Topo,172237,1426,950.96,TikTok
2024,2024-11-16,meta_ads_mid_blackfriday_retargeting,7079,124,29062.45,meta / cpc,Meta Ads,Meio,128062,4073,5900.5,Meta
2024,2024-11-16,meta_ads_mid_blackfriday_engajamento,2549,31,4537.11,meta / cpc,Meta Ads,Meio,63279,1576,2338.36,Meta
2024,2024-11-16,meta_ads_mid_blackfriday_catalogo,5923,76,14305.27,meta / cpc,Meta Ads,Meio,104978,3538,6304.04,Meta
2024,2024-11-16,gads_bot_blackfriday_search_50off,1392,26,7922.76,google / cpc,Google Ads,Fundo,60138,1248,3140.85,Google
2024,2024-11-16,gads_bot_blackfriday_search_fretefree,575,10,1517.22,google / cpc,Google Ads,Fundo,21746,644,1481.55,Google
2024,2024-11-16,gads_bot_blackfriday_pmax_geral,3975,148,60032.38,google / cpc,Google Ads,Fundo,62326,3323,10425.33,Google
2024,2024-11-17,tt_ads_top_blackfriday_video_awareness,2519,27,2520.45,tiktok / cpc,TikTok Ads,Topo,214185,1685,929.03,TikTok
2024,2024-11-17,tt_ads_top_blackfriday_video_discovery,4689,46,5223.48,tiktok / cpc,TikTok Ads,Topo,207246,3527,1508.18,TikTok
2024,2024-11-17,tt_ads_top_blackfriday_video_oferta,4885,21,2356.66,tiktok / cpc,TikTok Ads,Topo,155150,2993,1051.17,TikTok
2024,2024-11-17,meta_ads_mid_blackfriday_retargeting,1458,7,966.31,meta / cpc,Meta Ads,Meio,57537,1380,1175.6,Meta
2024,2024-11-17,meta_ads_mid_blackfriday_engajamento,3085,32,4778.99,meta / cpc,Meta Ads,Meio,132488,2025,2362.12,Meta
2024,2024-11-17,meta_ads_mid_blackfriday_catalogo,2003,10,1270.91,meta / cpc,Meta Ads,Meio,127957,1511,1633.26,Meta
2024,2024-11-17,gads_bot_blackfriday_search_50off,840,10,3074.78,google / cpc,Google Ads,Fundo,38686,814,3518.26,Google
2024,2024-11-17,gads_bot_blackfriday_search_fretefree,2731,116,34444.3,google / cpc,Google Ads,Fundo,47684,2631,11656.58,Google
2024,2024-11-17,gads_bot_blackfriday_pmax_geral,1379,58,14568.15,google / cpc,Google Ads,Fundo,32834,1452,2849.62,Google
2024,2024-11-18,tt_ads_top_blackfriday_video_awareness,8684,24,2865.37,tiktok / cpc,TikTok Ads,Topo,255097,4329,1917.36,TikTok
2024,2024-11-18,tt_ads_top_blackfriday_video_discovery,1999,6,803.21,tiktok / cpc,TikTok Ads,Topo,161445,1528,1219.55,TikTok
2024,2024-11-18,tt_ads_top_blackfriday_video_oferta,3656,19,2535.97,tiktok / cpc,TikTok Ads,Topo,141741,2174,1821.38,TikTok
2024,2024-11-18,meta_ads_mid_blackfriday_retargeting,751,3,668.88,meta / cpc,Meta Ads,Meio,41464,515,421.13,Meta
2024,2024-11-18,meta_ads_mid_blackfriday_engajamento,2106,16,2959.9,meta / cpc,Meta Ads,Meio,89880,1863,1966.64,Meta
2024,2024-11-18,meta_ads_mid_blackfriday_catalogo,1491,5,631.21,meta / cpc,Meta Ads,Meio,52161,936,1528.75,Meta
2024,2024-11-18,gads_bot_blackfriday_search_50off,4764,68,26468.54,google / cpc,Google Ads,Fundo,70224,4043,12400.14,Google
2024,2024-11-18,gads_bot_blackfriday_search_fretefree,3149,85,18270.2,google / cpc,Google Ads,Fundo,64001,3327,6942.24,Google
2024,2024-11-18,gads_bot_blackfriday_pmax_geral,2815,69,22855.78,google / cpc,Google Ads,Fundo,51325,2253,8911.22,Google
2024,2024-11-19,tt_ads_top_blackfriday_video_awareness,4286,18,3932.91,tiktok / cpc,TikTok Ads,Topo,145806,1943,604.34,TikTok
2024,2024-11-19,tt_ads_top_blackfriday_video_discovery,4079,22,3751.46,tiktok / cpc,TikTok Ads,Topo,151497,2702,1467.59,TikTok
2024,2024-11-19,tt_ads_top_blackfriday_video_oferta,5836,35,5717.25,tiktok / cpc,TikTok Ads,Topo,223466,3593,1646.35,TikTok
2024,2024-11-19,meta_ads_mid_blackfriday_retargeting,2704,54,11886.17,meta / cpc,Meta Ads,Meio,69065,1735,1406.12,Meta
2024,2024-11-19,meta_ads_mid_blackfriday_engajamento,1715,6,1681.11,meta / cpc,Meta Ads,Meio,50043,1025,672.77,Meta
2024,2024-11-19,meta_ads_mid_blackfriday_catalogo,2154,20,2853.44,meta / cpc,Meta Ads,Meio,103080,1286,1372.36,Meta
2024,2024-11-19,gads_bot_blackfriday_search_50off,2686,91,21618.77,google / cpc,Google Ads,Fundo,38674,2208,9566.63,Google
2024,2024-11-19,gads_bot_blackfriday_search_fretefree,869,37,7810.46,google / cpc,Google Ads,Fundo,15776,848,1104.86,Google
2024,2024-11-19,gads_bot_blackfriday_pmax_geral,3167,102,21323.38,google / cpc,Google Ads,Fundo,64981,2668,8456.44,Google
2024,2024-11-20,tt_ads_top_blackfriday_video_awareness,7334,45,9483.83,tiktok / cpc,TikTok Ads,Topo,282431,4752,3501.81,TikTok
2024,2024-11-20,tt_ads_top_blackfriday_video_discovery,2568,6,741.7,tiktok / cpc,TikTok Ads,Topo,178786,2114,1648.18,TikTok
2024,2024-11-20,tt_ads_top_blackfriday_video_oferta,2790,11,1413.18,tiktok / cpc,TikTok Ads,Topo,109945,1601,1361.47,TikTok
2024,2024-11-20,meta_ads_mid_blackfriday_retargeting,4622,22,6165.92,meta / cpc,Meta Ads,Meio,92346,2581,4516.25,Meta
2024,2024-11-20,meta_ads_mid_blackfriday_engajamento,3232,16,3650.63,meta / cpc,Meta Ads,Meio,116340,3007,5063.9,Meta
2024,2024-11-20,meta_ads_mid_blackfriday_catalogo,5669,78,11371.67,meta / cpc,Meta Ads,Meio,122923,3287,2146.41,Meta
2024,2024-11-20,gads_bot_blackfriday_search_50off,927,20,4176.61,google / cpc,Google Ads,Fundo,18370,1120,2500.31,Google
2024,2024-11-20,gads_bot_blackfriday_search_fretefree,1271,46,7101.74,google / cpc,Google Ads,Fundo,22758,1100,2851.0,Google
2024,2024-11-20,gads_bot_blackfriday_pmax_geral,2438,89,35419.09,google / cpc,Google Ads,Fundo,52536,2806,8888.54,Google
2024,2024-11-21,tt_ads_top_blackfriday_video_awareness,1494,9,1722.39,tiktok / cpc,TikTok Ads,Topo,128570,950,478.73,TikTok
2024,2024-11-21,tt_ads_top_blackfriday_video_discovery,3577,31,6220.14,tiktok / cpc,TikTok Ads,Topo,280753,2916,1432.49,TikTok
2024,2024-11-21,tt_ads_top_blackfriday_video_oferta,7086,48,4850.75,tiktok / cpc,TikTok Ads,Topo,215879,4050,1274.29,TikTok
2024,2024-11-21,meta_ads_mid_blackfriday_retargeting,1539,16,2429.46,meta / cpc,Meta Ads,Meio,112583,1209,2087.8,Meta
2024,2024-11-21,meta_ads_mid_blackfriday_engajamento,6838,88,24398.12,meta / cpc,Meta Ads,Meio,146042,5058,5474.36,Meta
2024,2024-11-21,meta_ads_mid_blackfriday_catalogo,2042,28,4948.81,meta / cpc,Meta Ads,Meio,53444,1308,928.73,Meta
2024,2024-11-21,gads_bot_blackfriday_search_50off,3140,111,37431.86,google / cpc,Google Ads,Fundo,73050,3546,8404.92,Google
2024,2024-11-21,gads_bot_blackfriday_search_fretefree,4502,137,27453.81,google / cpc,Google Ads,Fundo,75313,3617,15206.3,Google
2024,2024-11-21,gads_bot_blackfriday_pmax_geral,1140,34,12902.63,google / cpc,Google Ads,Fundo,52793,1078,4695.95,Google
2024,2024-11-22,tt_ads_top_blackfriday_video_awareness,2783,8,1329.01,tiktok / cpc,TikTok Ads,Topo,232555,2220,1843.75,TikTok
2024,2024-11-22,tt_ads_top_blackfriday_video_discovery,5567,43,8454.18,tiktok / cpc,TikTok Ads,Topo,273216,3883,1704.65,TikTok
2024,2024-11-22,tt_ads_top_blackfriday_video_oferta,6260,31,6408.68,tiktok / cpc,TikTok Ads,Topo,282791,4164,1690.24,TikTok
2024,2024-11-22,meta_ads_mid_blackfriday_retargeting,3730,41,9650.33,meta / cpc,Meta Ads,Meio,70764,2381,3228.0,Meta
2024,2024-11-22,meta_ads_mid_blackfriday_engajamento,3915,80,9901.45,meta / cpc,Meta Ads,Meio,92573,3046,4371.69,Meta
2024,2024-11-22,meta_ads_mid_blackfriday_catalogo,2505,45,8083.95,meta / cpc,Meta Ads,Meio,72415,1571,1008.33,Meta
2024,2024-11-22,gads_bot_blackfriday_search_50off,3054,122,26563.96,google / cpc,Google Ads,Fundo,52981,2870,6029.2,Google
2024,2024-11-22,gads_bot_blackfriday_search_fretefree,2733,59,9838.25,google / cpc,Google Ads,Fundo,33582,1977,2939.91,Google
2024,2024-11-22,gads_bot_blackfriday_pmax_geral,611,15,3686.65,google / cpc,Google Ads,Fundo,18302,483,1668.65,Google
2024,2024-11-23,tt_ads_top_blackfriday_video_awareness,4622,35,5037.46,tiktok / cpc,TikTok Ads,Topo,192899,3479,2280.29,TikTok
2024,2024-11-23,tt_ads_top_blackfriday_video_discovery,7959,55,11775.15,tiktok / cpc,TikTok Ads,Topo,245662,3734,2764.45,TikTok
2024,2024-11-23,tt_ads_top_blackfriday_video_oferta,1937,12,1706.28,tiktok / cpc,TikTok Ads,Topo,115081,1089,544.94,TikTok
2024,2024-11-23,meta_ads_mid_blackfriday_retargeting,5652,82,12922.34,meta / cpc,Meta Ads,Meio,153203,5011,4144.43,Meta
2024,2024-11-23,meta_ads_mid_blackfriday_engajamento,4855,73,16341.54,meta / cpc,Meta Ads,Meio,96888,3267,1980.37,Meta
2024,2024-11-23,meta_ads_mid_blackfriday_catalogo,5254,104,19898.97,meta / cpc,Meta Ads,Meio,129651,3629,5801.18,Meta
2024,2024-11-23,gads_bot_blackfriday_search_50off,1100,33,10257.51,google / cpc,Google Ads,Fundo,52054,1218,3711.84,Google
2024,2024-11-23,gads_bot_blackfriday_search_fretefree,1363,27,8643.38,google / cpc,Google Ads,Fundo,50788,1555,2525.13,Google
2024,2024-11-23,gads_bot_blackfriday_pmax_geral,1051,42,7710.08,google / cpc,Google Ads,Fundo,68752,1071,2671.18,Google
2024,2024-11-24,tt_ads_top_blackfriday_video_awareness,5579,28,5926.81,tiktok / cpc,TikTok Ads,Topo,201492,3265,2489.6,TikTok
2024,2024-11-24,tt_ads_top_blackfriday_video_discovery,4736,45,4553.87,tiktok / cpc,TikTok Ads,Topo,239637,3890,1341.34,TikTok
2024,2024-11-24,tt_ads_top_blackfriday_video_oferta,6497,25,2427.34,tiktok / cpc,TikTok Ads,Topo,173897,3510,2416.79,TikTok
2024,2024-11-24,meta_ads_mid_blackfriday_retargeting,4126,18,4818.38,meta / cpc,Meta Ads,Meio,159602,3040,3180.45,Meta
2024,2024-11-24,meta_ads_mid_blackfriday_engajamento,3327,55,14776.73,meta / cpc,Meta Ads,Meio,72999,2007,3605.67,Meta
2024,2024-11-24,meta_ads_mid_blackfriday_catalogo,4474,29,6745.9,meta / cpc,Meta Ads,Meio,146025,3041,4355.99,Meta
2024,2024-11-24,gads_bot_blackfriday_search_50off,1777,52,10983.89,google / cpc,Google Ads,Fundo,74049,1406,2955.07,Google
2024,2024-11-24,gads_bot_blackfriday_search_fretefree,1494,16,3196.86,google / cpc,Google Ads,Fundo,66333,1417,3663.09,Google
2024,2024-11-24,gads_bot_blackfriday_pmax_geral,3656,100,28048.95,google / cpc,Google Ads,Fundo,71611,3557,8033.31,Google
2024,2024-11-25,tt_ads_top_blackfriday_video_awareness,6002,36,3530.35,tiktok / cpc,TikTok Ads,Topo,276468,4459,3250.41,TikTok
2024,2024-11-25,tt_ads_top_blackfriday_video_discovery,4743,18,2886.57,tiktok / cpc,TikTok Ads,Topo,298216,3831,1617.53,TikTok
2024,2024-11-25,tt_ads_top_blackfriday_video_oferta,4338,44,8777.19,tiktok / cpc,TikTok Ads,Topo,195002,3494,2978.67,TikTok
2024,2024-11-25,meta_ads_mid_blackfriday_retargeting,2020,23,3777.81,meta / cpc,Meta Ads,Meio,60127,1845,1384.16,Meta
2024,2024-11-25,meta_ads_mid_blackfriday_engajamento,3779,51,14831.64,meta / cpc,Meta Ads,Meio,102935,2115,1431.96,Meta
2024,2024-11-25,meta_ads_mid_blackfriday_catalogo,2352,27,6359.24,meta / cpc,Meta Ads,Meio,107228,2375,2749.11,Meta
2024,2024-11-25,gads_bot_blackfriday_search_50off,2234,27,6494.86,google / cpc,Google Ads,Fundo,35624,2126,7862.58,Google
2024,2024-11-25,gads_bot_blackfriday_search_fretefree,1339,32,6847.02,google / cpc,Google Ads,Fundo,77354,1339,2676.32,Google
2024,2024-11-25,gads_bot_blackfriday_pmax_geral,1285,42,12502.17,google / cpc,Google Ads,Fundo,60496,986,2309.07,Google
2024,2024-11-26,tt_ads_top_blackfriday_video_awareness,3636,29,6351.78,tiktok / cpc,TikTok Ads,Topo,124683,2347,1946.88,TikTok
2024,2024-11-26,tt_ads_top_blackfriday_video_discovery,5137,15,2128.7,tiktok / cpc,TikTok Ads,Topo,234629,2525,1061.8,TikTok
2024,2024-11-26,tt_ads_top_blackfriday_video_oferta,4458,20,3700.26,tiktok / cpc,TikTok Ads,Topo,252112,2231,1521.23,TikTok
2024,2024-11-26,meta_ads_mid_blackfriday_retargeting,1693,28,7412.99,meta / cpc,Meta Ads,Meio,103205,1174,1466.98,Meta
2024,2024-11-26,meta_ads_mid_blackfriday_engajamento,7045,75,16014.76,meta / cpc,Meta Ads,Meio,153161,4888,4923.88,Meta
2024,2024-11-26,meta_ads_mid_blackfriday_catalogo,9290,176,49855.09,meta / cpc,Meta Ads,Meio,162820,5257,6007.6,Meta
2024,2024-11-26,gads_bot_blackfriday_search_50off,3342,99,30235.61,google / cpc,Google Ads,Fundo,83315,3329,4657.81,Google
2024,2024-11-26,gads_bot_blackfriday_search_fretefree,1004,21,4341.31,google / cpc,Google Ads,Fundo,16505,855,1976.55,Google
2024,2024-11-26,gads_bot_blackfriday_pmax_geral,2924,80,14876.73,google / cpc,Google Ads,Fundo,49152,2524,7654.53,Google
2024,2024-11-27,tt_ads_top_blackfriday_video_awareness,2052,10,1274.64,tiktok / cpc,TikTok Ads,Topo,118942,1141,807.98,TikTok
2024,2024-11-27,tt_ads_top_blackfriday_video_discovery,4620,15,2490.41,tiktok / cpc,TikTok Ads,Topo,298463,2392,1932.13,TikTok
2024,2024-11-27,tt_ads_top_blackfriday_video_oferta,3063,17,1732.04,tiktok / cpc,TikTok Ads,Topo,131174,2210,1344.56,TikTok
2024,2024-11-27,meta_ads_mid_blackfriday_retargeting,2073,31,4815.32,meta / cpc,Meta Ads,Meio,132581,1418,1867.89,Meta
2024,2024-11-27,meta_ads_mid_blackfriday_engajamento,2437,42,9552.91,meta / cpc,Meta Ads,Meio,99467,1674,1427.58,Meta
2024,2024-11-27,meta_ads_mid_blackfriday_catalogo,5372,40,6577.37,meta / cpc,Meta Ads,Meio,165676,4389,6403.51,Meta
2024,2024-11-27,gads_bot_blackfriday_search_50off,777,16,5058.62,google / cpc,Google Ads,Fundo,30657,673,1209.53,Google
2024,2024-11-27,gads_bot_blackfriday_search_fretefree,2446,50,18460.19,google / cpc,Google Ads,Fundo,70518,2562,6839.28,Google
2024,2024-11-27,gads_bot_blackfriday_pmax_geral,3857,152,61080.18,google / cpc,Google Ads,Fundo,73117,3214,7167.5,Google
2024,2024-11-28,tt_ads_top_blackfriday_video_awareness,5157,53,11638.98,tiktok / cpc,TikTok Ads,Topo,182089,2729,1032.99,TikTok
2024,2024-11-28,tt_ads_top_blackfriday_video_discovery,6574,13,1560.53,tiktok / cpc,TikTok Ads,Topo,253926,3165,1271.87,TikTok
2024,2024-11-28,tt_ads_top_blackfriday_video_oferta,5161,47,7285.36,tiktok / cpc,TikTok Ads,Topo,252460,3847,2511.05,TikTok
2024,2024-11-28,meta_ads_mid_blackfriday_retargeting,4052,85,14982.75,meta / cpc,Meta Ads,Meio,155535,2548,3380.29,Meta
2024,2024-11-28,meta_ads_mid_blackfriday_engajamento,5028,102,24938.8,meta / cpc,Meta Ads,Meio,134234,3101,3937.55,Meta
2024,2024-11-28,meta_ads_mid_blackfriday_catalogo,2617,33,8292.1,meta / cpc,Meta Ads,Meio,69648,2407,1593.52,Meta
2024,2024-11-28,gads_bot_blackfriday_search_50off,1727,57,20018.85,google / cpc,Google Ads,Fundo,64227,1625,2503.99,Google
2024,2024-11-28,gads_bot_blackfriday_search_fretefree,2557,57,20606.33,google / cpc,Google Ads,Fundo,57892,2667,9237.67,Google
2024,2024-11-28,gads_bot_blackfriday_pmax_geral,3208,39,10969.41,google / cpc,Google Ads,Fundo,72083,3175,9212.16,Google
2024,2024-11-29,tt_ads_top_blackfriday_video_awareness,2696,28,5706.78,tiktok / cpc,TikTok Ads,Topo,113999,1762,854.14,TikTok
2024,2024-11-29,tt_ads_top_blackfriday_video_discovery,1800,10,1797.42,tiktok / cpc,TikTok Ads,Topo,104863,923,328.9,TikTok
2024,2024-11-29,tt_ads_top_blackfriday_video_oferta,6938,32,4962.41,tiktok / cpc,TikTok Ads,Topo,299701,3683,2635.46,TikTok
2024,2024-11-29,meta_ads_mid_blackfriday_retargeting,2693,63,9116.98,meta / cpc,Meta Ads,Meio,157366,1600,2620.05,Meta
2024,2024-11-29,meta_ads_mid_blackfriday_engajamento,3235,32,8516.81,meta / cpc,Meta Ads,Meio,166048,2118,3372.29,Meta
2024,2024-11-29,meta_ads_mid_blackfriday_catalogo,5637,82,19843.2,meta / cpc,Meta Ads,Meio,145733,3598,4770.75,Meta
2024,2024-11-29,gads_bot_blackfriday_search_50off,1342,15,5155.73,google / cpc,Google Ads,Fundo,25391,1450,3121.36,Google
2024,2024-11-29,gads_bot_blackfriday_search_fretefree,1904,69,20576.19,google / cpc,Google Ads,Fundo,48515,2117,8673.44,Google
2024,2024-11-29,gads_bot_blackfriday_pmax_geral,2156,69,18936.54,google / cpc,Google Ads,Fundo,38087,1938,2362.43,Google
2024,2024-11-30,tt_ads_top_blackfriday_video_awareness,4965,37,6682.69,tiktok / cpc,TikTok Ads,Topo,219897,2430,1295.52,TikTok
2024,2024-11-30,tt_ads_top_blackfriday_video_discovery,6236,19,2717.21,tiktok / cpc,TikTok Ads,Topo,285998,3238,2143.78,TikTok
2024,2024-11-30,tt_ads_top_blackfriday_video_oferta,2480,8,1699.74,tiktok / cpc,TikTok Ads,Topo,137198,1683,1029.07,TikTok
2024,2024-11-30,meta_ads_mid_blackfriday_retargeting,2859,41,5947.7,meta / cpc,Meta Ads,Meio,165176,1764,1902.63,Meta
2024,2024-11-30,meta_ads_mid_blackfriday_engajamento,2458,24,4366.48,meta / cpc,Meta Ads,Meio,81377,1904,2999.91,Meta
2024,2024-11-30,meta_ads_mid_blackfriday_catalogo,3632,58,12237.64,meta / cpc,Meta Ads,Meio,80583,2711,1651.2,Meta
2024,2024-11-30,gads_bot_blackfriday_search_50off,3238,87,22967.3,google / cpc,Google Ads,Fundo,51693,2798,3914.07,Google
2024,2024-11-30,gads_bot_blackfriday_search_fretefree,1619,58,15261.07,google / cpc,Google Ads,Fundo,64544,1292,2764.98,Google
2024,2024-11-30,gads_bot_blackfriday_pmax_geral,1266,47,19685.87,google / cpc,Google Ads,Fundo,33107,1285,4578.84,Google
2025,2025-11-01,tt_ads_top_blackfriday_video_awareness,2961,12,1422.63,tiktok / cpc,TikTok Ads,Topo,178267,2099,1487.5,TikTok
2025,2025-11-01,tt_ads_top_blackfriday_video_discovery,3102,12,2209.49,tiktok / cpc,TikTok Ads,Topo,168564,2334,1494.66,TikTok
2025,2025-11-01,tt_ads_top_blackfriday_video_oferta,4375,14,2192.55,tiktok / cpc,TikTok Ads,Topo,139814,2706,1705.15,TikTok
2025,2025-11-01,meta_ads_mid_blackfriday_retargeting,601,9,1137.66,meta / cpc,Meta Ads,Meio,34071,410,499.47,Meta
2025,2025-11-01,meta_ads_mid_blackfriday_engajamento,1136,7,1079.24,meta / cpc,Meta Ads,Meio,61074,961,1545.13,Meta
2025,2025-11-01,meta_ads_mid_blackfriday_catalogo,1734,19,4590.51,meta / cpc,Meta Ads,Meio,74781,1373,1276.57,Meta
2025,2025-11-01,gads_bot_blackfriday_search_50off,1588,64,9771.26,google / cpc,Google Ads,Fundo,33915,1211,3946.33,Google
2025,2025-11-01,gads_bot_blackfriday_search_fretefree,2188,81,14279.41,google / cpc,Google Ads,Fundo,38095,1536,6216.55,Google
2025,2025-11-01,gads_bot_blackfriday_pmax_geral,548,18,4339.43,google / cpc,Google Ads,Fundo,37534,617,1853.53,Google
2025,2025-11-02,tt_ads_top_blackfriday_video_awareness,3200,9,1459.99,tiktok / cpc,TikTok Ads,Topo,171729,2542,1181.33,TikTok
2025,2025-11-02,tt_ads_top_blackfriday_video_discovery,2634,11,2242.54,tiktok / cpc,TikTok Ads,Topo,104577,1629,1196.84,TikTok
2025,2025-11-02,tt_ads_top_blackfriday_video_oferta,1369,11,1076.12,tiktok / cpc,TikTok Ads,Topo,136820,1027,664.5,TikTok
2025,2025-11-02,meta_ads_mid_blackfriday_retargeting,736,7,1047.0,meta / cpc,Meta Ads,Meio,53714,604,501.47,Meta
2025,2025-11-02,meta_ads_mid_blackfriday_engajamento,1149,4,1134.79,meta / cpc,Meta Ads,Meio,64591,1038,1269.34,Meta
2025,2025-11-02,meta_ads_mid_blackfriday_catalogo,3740,58,7772.82,meta / cpc,Meta Ads,Meio,76095,2261,3744.43,Meta
2025,2025-11-02,gads_bot_blackfriday_search_50off,749,34,6928.84,google / cpc,Google Ads,Fundo,14599,575,1960.35,Google
2025,2025-11-02,gads_bot_blackfriday_search_fretefree,730,13,3861.39,google / cpc,Google Ads,Fundo,22486,698,1042.07,Google
2025,2025-11-02,gads_bot_blackfriday_pmax_geral,1602,42,15331.64,google / cpc,Google Ads,Fundo,39513,1651,4212.16,Google
2025,2025-11-03,tt_ads_top_blackfriday_video_awareness,1539,5,718.79,tiktok / cpc,TikTok Ads,Topo,110183,1205,1031.85,TikTok
2025,2025-11-03,tt_ads_top_blackfriday_video_discovery,1996,22,2383.83,tiktok / cpc,TikTok Ads,Topo,113417,1256,1075.39,TikTok
2025,2025-11-03,tt_ads_top_blackfriday_video_oferta,1692,18,2512.98,tiktok / cpc,TikTok Ads,Topo,73212,1309,462.7,TikTok
2025,2025-11-03,meta_ads_mid_blackfriday_retargeting,450,5,1444.26,meta / cpc,Meta Ads,Meio,29577,360,346.95,Meta
2025,2025-11-03,meta_ads_mid_blackfriday_engajamento,1840,23,6106.23,meta / cpc,Meta Ads,Meio,88467,1080,1227.57,Meta
2025,2025-11-03,meta_ads_mid_blackfriday_catalogo,2675,27,3961.74,meta / cpc,Meta Ads,Meio,74120,1784,1516.78,Meta
2025,2025-11-03,gads_bot_blackfriday_search_50off,851,17,3157.11,google / cpc,Google Ads,Fundo,33605,675,2765.69,Google
2025,2025-11-03,gads_bot_blackfriday_search_fretefree,339,9,3041.47,google / cpc,Google Ads,Fundo,15068,304,688.36,Google
2025,2025-11-03,gads_bot_blackfriday_pmax_geral,350,3,829.92,google / cpc,Google Ads,Fundo,13879,283,874.76,Google
2025,2025-11-04,tt_ads_top_blackfriday_video_awareness,4919,14,2504.64,tiktok / cpc,TikTok Ads,Topo,165161,2354,1562.64,TikTok
2025,2025-11-04,tt_ads_top_blackfriday_video_discovery,2590,11,1069.71,tiktok / cpc,TikTok Ads,Topo,84631,1393,751.1,TikTok
2025,2025-11-04,tt_ads_top_blackfriday_video_oferta,1982,3,386.21,tiktok / cpc,TikTok Ads,Topo,197616,1534,674.24,TikTok
2025,2025-11-04,meta_ads_mid_blackfriday_retargeting,5626,30,6212.85,meta / cpc,Meta Ads,Meio,94571,3261,3937.23,Meta
2025,2025-11-04,meta_ads_mid_blackfriday_engajamento,970,22,3454.95,meta / cpc,Meta Ads,Meio,66443,879,1180.94,Meta
2025,2025-11-04,meta_ads_mid_blackfriday_catalogo,1266,18,3954.94,meta / cpc,Meta Ads,Meio,81515,910,609.51,Meta
2025,2025-11-04,gads_bot_blackfriday_search_50off,1122,27,6762.48,google / cpc,Google Ads,Fundo,47127,828,1647.14,Google
2025,2025-11-04,gads_bot_blackfriday_search_fretefree,707,29,10127.97,google / cpc,Google Ads,Fundo,13296,677,2357.54,Google
2025,2025-11-04,gads_bot_blackfriday_pmax_geral,1586,36,12630.76,google / cpc,Google Ads,Fundo,33533,1464,2823.54,Google
2025,2025-11-05,tt_ads_top_blackfriday_video_awareness,3085,13,2795.02,tiktok / cpc,TikTok Ads,Topo,139896,1911,1589.88,TikTok
2025,2025-11-05,tt_ads_top_blackfriday_video_discovery,3902,30,5672.48,tiktok / cpc,TikTok Ads,Topo,138371,1891,1006.48,TikTok
2025,2025-11-05,tt_ads_top_blackfriday_video_oferta,1440,12,2403.62,tiktok / cpc,TikTok Ads,Topo,117427,911,591.5,TikTok
2025,2025-11-05,meta_ads_mid_blackfriday_retargeting,2229,33,8742.28,meta / cpc,Meta Ads,Meio,98636,1499,2654.8,Meta
2025,2025-11-05,meta_ads_mid_blackfriday_engajamento,3480,36,9173.28,meta / cpc,Meta Ads,Meio,64245,2236,2811.88,Meta
2025,2025-11-05,meta_ads_mid_blackfriday_catalogo,1550,13,2243.07,meta / cpc,Meta Ads,Meio,50331,1109,1646.67,Meta
2025,2025-11-05,gads_bot_blackfriday_search_50off,506,13,5345.12,google / cpc,Google Ads,Fundo,15180,489,1853.58,Google
2025,2025-11-05,gads_bot_blackfriday_search_fretefree,3080,119,25952.31,google / cpc,Google Ads,Fundo,49958,2832,9829.43,Google
2025,2025-11-05,gads_bot_blackfriday_pmax_geral,425,4,642.41,google / cpc,Google Ads,Fundo,14224,429,1620.7,Google
2025,2025-11-06,tt_ads_top_blackfriday_video_awareness,3561,31,5209.01,tiktok / cpc,TikTok Ads,Topo,166903,2622,1602.16,TikTok
2025,2025-11-06,tt_ads_top_blackfriday_video_discovery,6722,55,9050.98,tiktok / cpc,TikTok Ads,Topo,207897,3394,1103.06,TikTok
2025,2025-11-06,tt_ads_top_blackfriday_video_oferta,1805,9,1764.42,tiktok / cpc,TikTok Ads,Topo,198689,1399,1222.59,TikTok
2025,2025-11-06,meta_ads_mid_blackfriday_retargeting,1944,16,4381.1,meta / cpc,Meta Ads,Meio,64160,1459,2525.21,Meta
2025,2025-11-06,meta_ads_mid_blackfriday_engajamento,2424,34,5192.72,meta / cpc,Meta Ads,Meio,79563,1502,2398.16,Meta
2025,2025-11-06,meta_ads_mid_blackfriday_catalogo,996,7,1640.51,meta / cpc,Meta Ads,Meio,32490,648,1087.79,Meta
2025,2025-11-06,gads_bot_blackfriday_search_50off,1372,51,19463.76,google / cpc,Google Ads,Fundo,52216,1400,1728.18,Google
2025,2025-11-06,gads_bot_blackfriday_search_fretefree,1201,37,8136.45,google / cpc,Google Ads,Fundo,35452,893,2480.97,Google
2025,2025-11-06,gads_bot_blackfriday_pmax_geral,3226,108,43103.13,google / cpc,Google Ads,Fundo,47288,2350,7487.59,Google
2025,2025-11-07,tt_ads_top_blackfriday_video_awareness,1927,13,1997.74,tiktok / cpc,TikTok Ads,Topo,73762,1091,399.83,TikTok
2025,2025-11-07,tt_ads_top_blackfriday_video_discovery,910,4,456.6,tiktok / cpc,TikTok Ads,Topo,88022,644,343.38,TikTok
2025,2025-11-07,tt_ads_top_blackfriday_video_oferta,2390,16,2350.45,tiktok / cpc,TikTok Ads,Topo,142533,1453,1301.09,TikTok
2025,2025-11-07,meta_ads_mid_blackfriday_retargeting,2598,48,10100.49,meta / cpc,Meta Ads,Meio,91703,1517,1312.62,Meta
2025,2025-11-07,meta_ads_mid_blackfriday_engajamento,3209,33,5957.76,meta / cpc,Meta Ads,Meio,110108,3070,5469.52,Meta
2025,2025-11-07,meta_ads_mid_blackfriday_catalogo,2359,25,5763.84,meta / cpc,Meta Ads,Meio,99273,1321,2322.52,Meta
2025,2025-11-07,gads_bot_blackfriday_search_50off,937,23,3915.1,google / cpc,Google Ads,Fundo,40259,880,3257.77,Google
2025,2025-11-07,gads_bot_blackfriday_search_fretefree,598,4,1222.95,google / cpc,Google Ads,Fundo,17064,489,1996.08,Google
2025,2025-11-07,gads_bot_blackfriday_pmax_geral,740,7,2626.57,google / cpc,Google Ads,Fundo,17715,858,1056.02,Google
2025,2025-11-08,tt_ads_top_blackfriday_video_awareness,2950,7,1038.66,tiktok / cpc,TikTok Ads,Topo,114175,1823,770.07,TikTok
2025,2025-11-08,tt_ads_top_blackfriday_video_discovery,6096,22,2882.42,tiktok / cpc,TikTok Ads,Topo,207209,3447,1769.11,TikTok
2025,2025-11-08,tt_ads_top_blackfriday_video_oferta,4321,46,9941.05,tiktok / cpc,TikTok Ads,Topo,166629,2210,1656.9,TikTok
2025,2025-11-08,meta_ads_mid_blackfriday_retargeting,1186,12,2481.16,meta / cpc,Meta Ads,Meio,60617,805,1445.46,Meta
2025,2025-11-08,meta_ads_mid_blackfriday_engajamento,1683,12,2488.97,meta / cpc,Meta Ads,Meio,37675,951,727.88,Meta
2025,2025-11-08,meta_ads_mid_blackfriday_catalogo,1803,24,3958.89,meta / cpc,Meta Ads,Meio,117339,1193,954.71,Meta
2025,2025-11-08,gads_bot_blackfriday_search_50off,859,18,2777.9,google / cpc,Google Ads,Fundo,23130,786,2819.57,Google
2025,2025-11-08,gads_bot_blackfriday_search_fretefree,1514,44,7547.02,google / cpc,Google Ads,Fundo,55406,1462,4102.04,Google
2025,2025-11-08,gads_bot_blackfriday_pmax_geral,698,32,8311.44,google / cpc,Google Ads,Fundo,22156,603,1388.7,Google
2025,2025-11-09,tt_ads_top_blackfriday_video_awareness,2570,20,3421.11,tiktok / cpc,TikTok Ads,Topo,80863,1397,542.69,TikTok
2025,2025-11-09,tt_ads_top_blackfriday_video_discovery,2001,14,2491.05,tiktok / cpc,TikTok Ads,Topo,135242,960,711.74,TikTok
2025,2025-11-09,tt_ads_top_blackfriday_video_oferta,5284,40,6065.62,tiktok / cpc,TikTok Ads,Topo,196693,3806,2594.57,TikTok
2025,2025-11-09,meta_ads_mid_blackfriday_retargeting,3962,21,6241.99,meta / cpc,Meta Ads,Meio,102935,2911,4331.52,Meta
2025,2025-11-09,meta_ads_mid_blackfriday_engajamento,4293,31,8011.36,meta / cpc,Meta Ads,Meio,113213,3842,5006.02,Meta
2025,2025-11-09,meta_ads_mid_blackfriday_catalogo,1787,28,7821.6,meta / cpc,Meta Ads,Meio,61040,1360,1239.17,Meta
2025,2025-11-09,gads_bot_blackfriday_search_50off,1050,33,12341.43,google / cpc,Google Ads,Fundo,14728,804,3094.37,Google
2025,2025-11-09,gads_bot_blackfriday_search_fretefree,1193,29,9837.33,google / cpc,Google Ads,Fundo,32265,1192,4293.82,Google
2025,2025-11-09,gads_bot_blackfriday_pmax_geral,2633,52,19003.89,google / cpc,Google Ads,Fundo,55505,1943,3350.5,Google
2025,2025-11-10,tt_ads_top_blackfriday_video_awareness,3791,39,6768.88,tiktok / cpc,TikTok Ads,Topo,219888,2519,823.1,TikTok
2025,2025-11-10,tt_ads_top_blackfriday_video_discovery,3061,26,2950.62,tiktok / cpc,TikTok Ads,Topo,187197,1852,1494.33,TikTok
2025,2025-11-10,tt_ads_top_blackfriday_video_oferta,2477,11,2051.59,tiktok / cpc,TikTok Ads,Topo,107940,1383,1167.06,TikTok
2025,2025-11-10,meta_ads_mid_blackfriday_retargeting,937,7,1437.63,meta / cpc,Meta Ads,Meio,46147,909,569.2,Meta
2025,2025-11-10,meta_ads_mid_blackfriday_engajamento,1241,12,3350.18,meta / cpc,Meta Ads,Meio,90133,1217,1939.22,Meta
2025,2025-11-10,meta_ads_mid_blackfriday_catalogo,3284,41,8014.69,meta / cpc,Meta Ads,Meio,93909,2237,3288.81,Meta
2025,2025-11-10,gads_bot_blackfriday_search_50off,1427,46,7376.94,google / cpc,Google Ads,Fundo,38729,1134,4980.84,Google
2025,2025-11-10,gads_bot_blackfriday_search_fretefree,393,13,5143.85,google / cpc,Google Ads,Fundo,16221,356,1426.5,Google
2025,2025-11-10,gads_bot_blackfriday_pmax_geral,584,14,3895.91,google / cpc,Google Ads,Fundo,19389,406,577.86,Google
2025,2025-11-11,tt_ads_top_blackfriday_video_awareness,4654,32,3226.21,tiktok / cpc,TikTok Ads,Topo,151038,2149,1197.38,TikTok
2025,2025-11-11,tt_ads_top_blackfriday_video_discovery,3730,23,2679.94,tiktok / cpc,TikTok Ads,Topo,148238,2286,1868.1,TikTok
2025,2025-11-11,tt_ads_top_blackfriday_video_oferta,4133,43,6735.52,tiktok / cpc,TikTok Ads,Topo,203141,3301,1212.0,TikTok
2025,2025-11-11,meta_ads_mid_blackfriday_retargeting,588,7,1434.25,meta / cpc,Meta Ads,Meio,47153,520,473.38,Meta
2025,2025-11-11,meta_ads_mid_blackfriday_engajamento,1960,24,6940.47,meta / cpc,Meta Ads,Meio,99672,1766,2923.61,Meta
2025,2025-11-11,meta_ads_mid_blackfriday_catalogo,2544,39,11585.66,meta / cpc,Meta Ads,Meio,83162,1861,1177.27,Meta
2025,2025-11-11,gads_bot_blackfriday_search_50off,1661,28,5593.32,google / cpc,Google Ads,Fundo,49834,1360,3301.23,Google
2025,2025-11-11,gads_bot_blackfriday_search_fretefree,2735,35,12449.86,google / cpc,Google Ads,Fundo,45629,2145,6278.39,Google
2025,2025-11-11,gads_bot_blackfriday_pmax_geral,607,23,6412.07,google / cpc,Google Ads,Fundo,20317,548,1011.76,Google
2025,2025-11-12,tt_ads_top_blackfriday_video_awareness,2230,23,4841.45,tiktok / cpc,TikTok Ads,Topo,109446,1457,582.25,TikTok
2025,2025-11-12,tt_ads_top_blackfriday_video_discovery,1527,7,883.61,tiktok / cpc,TikTok Ads,Topo,80264,923,557.7,TikTok
2025,2025-11-12,tt_ads_top_blackfriday_video_oferta,2833,29,2817.22,tiktok / cpc,TikTok Ads,Topo,156842,1754,855.77,TikTok
2025,2025-11-12,meta_ads_mid_blackfriday_retargeting,1012,5,995.61,meta / cpc,Meta Ads,Meio,84095,998,1099.11,Meta
2025,2025-11-12,meta_ads_mid_blackfriday_engajamento,1315,17,4997.67,meta / cpc,Meta Ads,Meio,84856,1228,975.87,Meta
2025,2025-11-12,meta_ads_mid_blackfriday_catalogo,593,6,1702.36,meta / cpc,Meta Ads,Meio,41511,476,405.41,Meta
2025,2025-11-12,gads_bot_blackfriday_search_50off,1049,27,9394.74,google / cpc,Google Ads,Fundo,41735,980,2192.61,Google
2025,2025-11-12,gads_bot_blackfriday_search_fretefree,2257,76,21625.79,google / cpc,Google Ads,Fundo,31494,1658,4693.63,Google
2025,2025-11-12,gads_bot_blackfriday_pmax_geral,386,16,5041.0,google / cpc,Google Ads,Fundo,11675,334,1311.19,Google
2025,2025-11-13,tt_ads_top_blackfriday_video_awareness,2270,10,1399.87,tiktok / cpc,TikTok Ads,Topo,100096,1164,653.36,TikTok
2025,2025-11-13,tt_ads_top_blackfriday_video_discovery,4030,34,5608.08,tiktok / cpc,TikTok Ads,Topo,144627,2427,882.96,TikTok
2025,2025-11-13,tt_ads_top_blackfriday_video_oferta,2041,7,1089.1,tiktok / cpc,TikTok Ads,Topo,210099,1416,617.81,TikTok
2025,2025-11-13,meta_ads_mid_blackfriday_retargeting,2132,22,6059.19,meta / cpc,Meta Ads,Meio,67894,1165,1415.69,Meta
2025,2025-11-13,meta_ads_mid_blackfriday_engajamento,2009,33,7423.65,meta / cpc,Meta Ads,Meio,130797,1398,2412.9,Meta
2025,2025-11-13,meta_ads_mid_blackfriday_catalogo,2125,46,7540.28,meta / cpc,Meta Ads,Meio,55902,1583,2223.92,Meta
2025,2025-11-13,gads_bot_blackfriday_search_50off,779,15,5877.0,google / cpc,Google Ads,Fundo,25814,824,1339.17,Google
2025,2025-11-13,gads_bot_blackfriday_search_fretefree,2811,98,21936.14,google / cpc,Google Ads,Fundo,47820,2507,6495.05,Google
2025,2025-11-13,gads_bot_blackfriday_pmax_geral,717,15,3681.57,google / cpc,Google Ads,Fundo,15408,869,3832.43,Google
2025,2025-11-14,tt_ads_top_blackfriday_video_awareness,5193,22,4768.23,tiktok / cpc,TikTok Ads,Topo,225623,3773,2776.94,TikTok
2025,2025-11-14,tt_ads_top_blackfriday_video_discovery,2636,20,4356.69,tiktok / cpc,TikTok Ads,Topo,128041,1589,541.86,TikTok
2025,2025-11-14,tt_ads_top_blackfriday_video_oferta,1526,1,177.99,tiktok / cpc,TikTok Ads,Topo,125419,863,685.84,TikTok
2025,2025-11-14,meta_ads_mid_blackfriday_retargeting,1088,14,2211.64,meta / cpc,Meta Ads,Meio,44804,740,1245.77,Meta
2025,2025-11-14,meta_ads_mid_blackfriday_engajamento,1456,24,3193.92,meta / cpc,Meta Ads,Meio,48301,1283,1055.13,Meta
2025,2025-11-14,meta_ads_mid_blackfriday_catalogo,2677,40,8722.57,meta / cpc,Meta Ads,Meio,68110,2104,1938.48,Meta
2025,2025-11-14,gads_bot_blackfriday_search_50off,471,15,3130.68,google / cpc,Google Ads,Fundo,13073,470,1493.02,Google
2025,2025-11-14,gads_bot_blackfriday_search_fretefree,361,10,4077.6,google / cpc,Google Ads,Fundo,18561,368,964.31,Google
2025,2025-11-14,gads_bot_blackfriday_pmax_geral,617,14,4012.4,google / cpc,Google Ads,Fundo,18004,601,2491.34,Google
2025,2025-11-15,tt_ads_top_blackfriday_video_awareness,4352,33,4513.01,tiktok / cpc,TikTok Ads,Topo,168148,2131,938.73,TikTok
2025,2025-11-15,tt_ads_top_blackfriday_video_discovery,1541,9,1195.37,tiktok / cpc,TikTok Ads,Topo,87851,1246,929.71,TikTok
2025,2025-11-15,tt_ads_top_blackfriday_video_oferta,6991,36,7038.41,tiktok / cpc,TikTok Ads,Topo,240881,3563,1842.47,TikTok
2025,2025-11-15,meta_ads_mid_blackfriday_retargeting,1199,10,2392.17,meta / cpc,Meta Ads,Meio,63271,700,1236.09,Meta
2025,2025-11-15,meta_ads_mid_blackfriday_engajamento,4512,29,7404.39,meta / cpc,Meta Ads,Meio,102267,2634,3079.53,Meta
2025,2025-11-15,meta_ads_mid_blackfriday_catalogo,1255,17,4760.34,meta / cpc,Meta Ads,Meio,41363,979,1566.38,Meta
2025,2025-11-15,gads_bot_blackfriday_search_50off,1630,51,8354.55,google / cpc,Google Ads,Fundo,49240,1384,2658.78,Google
2025,2025-11-15,gads_bot_blackfriday_search_fretefree,262,5,1098.45,google / cpc,Google Ads,Fundo,17301,281,601.07,Google
2025,2025-11-15,gads_bot_blackfriday_pmax_geral,1553,72,27668.13,google / cpc,Google Ads,Fundo,45151,1786,2318.06,Google
2025,2025-11-16,tt_ads_top_blackfriday_video_awareness,3850,30,4951.68,tiktok / cpc,TikTok Ads,Topo,163225,2083,1112.16,TikTok
2025,2025-11-16,tt_ads_top_blackfriday_video_discovery,4370,8,1172.42,tiktok / cpc,TikTok Ads,Topo,125649,2370,1670.29,TikTok
2025,2025-11-16,tt_ads_top_blackfriday_video_oferta,6572,55,6117.98,tiktok / cpc,TikTok Ads,Topo,216610,3503,2559.09,TikTok
2025,2025-11-16,meta_ads_mid_blackfriday_retargeting,1960,30,6123.21,meta / cpc,Meta Ads,Meio,102309,1147,1603.91,Meta
2025,2025-11-16,meta_ads_mid_blackfriday_engajamento,1883,20,2671.0,meta / cpc,Meta Ads,Meio,60615,1147,1722.12,Meta
2025,2025-11-16,meta_ads_mid_blackfriday_catalogo,608,9,1299.77,meta / cpc,Meta Ads,Meio,52249,605,848.38,Meta
2025,2025-11-16,gads_bot_blackfriday_search_50off,2302,81,27685.39,google / cpc,Google Ads,Fundo,61987,2011,6634.52,Google
2025,2025-11-16,gads_bot_blackfriday_search_fretefree,1101,30,7261.79,google / cpc,Google Ads,Fundo,52853,1131,4122.76,Google
2025,2025-11-16,gads_bot_blackfriday_pmax_geral,2213,81,33460.99,google / cpc,Google Ads,Fundo,45621,1796,4656.51,Google
2025,2025-11-17,tt_ads_top_blackfriday_video_awareness,2087,19,3962.19,tiktok / cpc,TikTok Ads,Topo,84835,1137,425.01,TikTok
2025,2025-11-17,tt_ads_top_blackfriday_video_discovery,5144,36,5389.73,tiktok / cpc,TikTok Ads,Topo,205182,2540,1352.39,TikTok
2025,2025-11-17,tt_ads_top_blackfriday_video_oferta,5360,41,7106.99,tiktok / cpc,TikTok Ads,Topo,207496,3207,2480.27,TikTok
2025,2025-11-17,meta_ads_mid_blackfriday_retargeting,1971,25,4598.78,meta / cpc,Meta Ads,Meio,80265,1576,2381.68,Meta
2025,2025-11-17,meta_ads_mid_blackfriday_engajamento,1918,32,5384.51,meta / cpc,Meta Ads,Meio,51999,1269,1835.87,Meta
2025,2025-11-17,meta_ads_mid_blackfriday_catalogo,1906,32,8849.45,meta / cpc,Meta Ads,Meio,83239,1859,1215.29,Meta
2025,2025-11-17,gads_bot_blackfriday_search_50off,2552,67,11442.37,google / cpc,Google Ads,Fundo,41076,2359,5780.5,Google
2025,2025-11-17,gads_bot_blackfriday_search_fretefree,2825,129,27819.96,google / cpc,Google Ads,Fundo,68767,2156,6365.77,Google
2025,2025-11-17,gads_bot_blackfriday_pmax_geral,2420,102,37896.78,google / cpc,Google Ads,Fundo,66863,2818,4937.95,Google
2025,2025-11-18,tt_ads_top_blackfriday_video_awareness,1897,12,1988.6,tiktok / cpc,TikTok Ads,Topo,229424,1442,765.02,TikTok
2025,2025-11-18,tt_ads_top_blackfriday_video_discovery,3575,6,584.46,tiktok / cpc,TikTok Ads,Topo,133666,2551,1244.69,TikTok
2025,2025-11-18,tt_ads_top_blackfriday_video_oferta,2009,11,2161.88,tiktok / cpc,TikTok Ads,Topo,224270,1602,1334.53,TikTok
2025,2025-11-18,meta_ads_mid_blackfriday_retargeting,4413,60,10161.5,meta / cpc,Meta Ads,Meio,106561,3421,5998.25,Meta
2025,2025-11-18,meta_ads_mid_blackfriday_engajamento,3120,24,5801.17,meta / cpc,Meta Ads,Meio,142235,2784,2185.37,Meta
2025,2025-11-18,meta_ads_mid_blackfriday_catalogo,1707,28,4287.87,meta / cpc,Meta Ads,Meio,38842,933,850.15,Meta
2025,2025-11-18,gads_bot_blackfriday_search_50off,427,19,3138.38,google / cpc,Google Ads,Fundo,17728,319,1400.15,Google
2025,2025-11-18,gads_bot_blackfriday_search_fretefree,2876,51,16468.96,google / cpc,Google Ads,Fundo,69501,2190,5837.1,Google
2025,2025-11-18,gads_bot_blackfriday_pmax_geral,894,32,6319.69,google / cpc,Google Ads,Fundo,40766,997,3803.87,Google
2025,2025-11-19,tt_ads_top_blackfriday_video_awareness,5663,27,2936.28,tiktok / cpc,TikTok Ads,Topo,169428,2678,1945.65,TikTok
2025,2025-11-19,tt_ads_top_blackfriday_video_discovery,5292,35,4209.6,tiktok / cpc,TikTok Ads,Topo,268153,3894,2239.36,TikTok
2025,2025-11-19,tt_ads_top_blackfriday_video_oferta,1477,20,2604.6,tiktok / cpc,TikTok Ads,Topo,113768,860,710.58,TikTok
2025,2025-11-19,meta_ads_mid_blackfriday_retargeting,829,7,1286.73,meta / cpc,Meta Ads,Meio,52433,701,827.24,Meta
2025,2025-11-19,meta_ads_mid_blackfriday_engajamento,2473,40,6712.94,meta / cpc,Meta Ads,Meio,115501,2041,2602.79,Meta
2025,2025-11-19,meta_ads_mid_blackfriday_catalogo,2883,60,14509.66,meta / cpc,Meta Ads,Meio,92332,2111,3459.28,Meta
2025,2025-11-19,gads_bot_blackfriday_search_50off,543,9,1699.6,google / cpc,Google Ads,Fundo,16946,559,1040.62,Google
2025,2025-11-19,gads_bot_blackfriday_search_fretefree,2312,37,11977.86,google / cpc,Google Ads,Fundo,50007,2644,10965.19,Google
2025,2025-11-19,gads_bot_blackfriday_pmax_geral,2825,124,46102.86,google / cpc,Google Ads,Fundo,56312,3094,10110.43,Google
2025,2025-11-20,tt_ads_top_blackfriday_video_awareness,4682,29,3613.2,tiktok / cpc,TikTok Ads,Topo,196147,2507,1793.81,TikTok
2025,2025-11-20,tt_ads_top_blackfriday_video_discovery,5502,40,7928.43,tiktok / cpc,TikTok Ads,Topo,260175,2616,1222.34,TikTok
2025,2025-11-20,tt_ads_top_blackfriday_video_oferta,4756,19,3638.33,tiktok / cpc,TikTok Ads,Topo,117847,2362,1126.13,TikTok
2025,2025-11-20,meta_ads_mid_blackfriday_retargeting,1831,29,5725.35,meta / cpc,Meta Ads,Meio,52322,1444,2198.79,Meta
2025,2025-11-20,meta_ads_mid_blackfriday_engajamento,2951,43,6512.81,meta / cpc,Meta Ads,Meio,50709,1698,1832.01,Meta
2025,2025-11-20,meta_ads_mid_blackfriday_catalogo,2092,12,2018.87,meta / cpc,Meta Ads,Meio,97492,1735,1678.38,Meta
2025,2025-11-20,gads_bot_blackfriday_search_50off,1673,60,9455.57,google / cpc,Google Ads,Fundo,39703,1731,2111.98,Google
2025,2025-11-20,gads_bot_blackfriday_search_fretefree,2672,90,19211.26,google / cpc,Google Ads,Fundo,54666,3047,12123.54,Google
2025,2025-11-20,gads_bot_blackfriday_pmax_geral,463,23,5124.4,google / cpc,Google Ads,Fundo,30297,508,1104.62,Google
2025,2025-11-21,tt_ads_top_blackfriday_video_awareness,3666,19,2364.97,tiktok / cpc,TikTok Ads,Topo,165383,1664,521.19,TikTok
2025,2025-11-21,tt_ads_top_blackfriday_video_discovery,1875,24,2583.53,tiktok / cpc,TikTok Ads,Topo,120795,1100,728.31,TikTok
2025,2025-11-21,tt_ads_top_blackfriday_video_oferta,3869,16,2062.8,tiktok / cpc,TikTok Ads,Topo,227418,1792,1020.74,TikTok
2025,2025-11-21,meta_ads_mid_blackfriday_retargeting,4519,35,6356.02,meta / cpc,Meta Ads,Meio,138746,3481,3099.2,Meta
2025,2025-11-21,meta_ads_mid_blackfriday_engajamento,2195,16,2399.63,meta / cpc,Meta Ads,Meio,48164,1467,1131.72,Meta
2025,2025-11-21,meta_ads_mid_blackfriday_catalogo,2516,39,11199.92,meta / cpc,Meta Ads,Meio,118196,2300,3653.63,Meta
2025,2025-11-21,gads_bot_blackfriday_search_50off,1093,23,3889.03,google / cpc,Google Ads,Fundo,21179,1059,3057.04,Google
2025,2025-11-21,gads_bot_blackfriday_search_fretefree,856,25,9734.52,google / cpc,Google Ads,Fundo,16892,721,3102.81,Google
2025,2025-11-21,gads_bot_blackfriday_pmax_geral,1929,66,17337.76,google / cpc,Google Ads,Fundo,55128,1679,3750.97,Google
2025,2025-11-22,tt_ads_top_blackfriday_video_awareness,8029,32,6872.54,tiktok / cpc,TikTok Ads,Topo,257846,4718,2483.51,TikTok
2025,2025-11-22,tt_ads_top_blackfriday_video_discovery,3638,18,3403.93,tiktok / cpc,TikTok Ads,Topo,237916,1762,938.42,TikTok
2025,2025-11-22,tt_ads_top_blackfriday_video_oferta,2499,6,869.7,tiktok / cpc,TikTok Ads,Topo,172275,1460,1284.26,TikTok
2025,2025-11-22,meta_ads_mid_blackfriday_retargeting,7082,114,18461.55,meta / cpc,Meta Ads,Meio,151823,5222,3793.46,Meta
2025,2025-11-22,meta_ads_mid_blackfriday_engajamento,1822,30,5844.39,meta / cpc,Meta Ads,Meio,46334,1188,2076.81,Meta
2025,2025-11-22,meta_ads_mid_blackfriday_catalogo,3808,41,8520.7,meta / cpc,Meta Ads,Meio,115619,2470,2578.13,Meta
2025,2025-11-22,gads_bot_blackfriday_search_50off,922,32,9688.96,google / cpc,Google Ads,Fundo,36820,881,3149.45,Google
2025,2025-11-22,gads_bot_blackfriday_search_fretefree,2612,66,22707.22,google / cpc,Google Ads,Fundo,37220,2046,7831.26,Google
2025,2025-11-22,gads_bot_blackfriday_pmax_geral,967,52,12509.11,google / cpc,Google Ads,Fundo,34211,938,3411.85,Google
2025,2025-11-23,tt_ads_top_blackfriday_video_awareness,3476,23,2456.85,tiktok / cpc,TikTok Ads,Topo,159740,1911,1594.02,TikTok
2025,2025-11-23,tt_ads_top_blackfriday_video_discovery,1571,9,1067.95,tiktok / cpc,TikTok Ads,Topo,123224,959,768.44,TikTok
2025,2025-11-23,tt_ads_top_blackfriday_video_oferta,2339,16,2917.68,tiktok / cpc,TikTok Ads,Topo,124957,1446,541.7,TikTok
2025,2025-11-23,meta_ads_mid_blackfriday_retargeting,5343,70,11996.09,meta / cpc,Meta Ads,Meio,135841,3033,3985.84,Meta
2025,2025-11-23,meta_ads_mid_blackfriday_engajamento,9217,60,14198.73,meta / cpc,Meta Ads,Meio,152094,5186,5052.39,Meta
2025,2025-11-23,meta_ads_mid_blackfriday_catalogo,931,21,3991.89,meta / cpc,Meta Ads,Meio,54235,801,1033.63,Meta
2025,2025-11-23,gads_bot_blackfriday_search_50off,803,11,2359.82,google / cpc,Google Ads,Fundo,20582,680,1793.28,Google
2025,2025-11-23,gads_bot_blackfriday_search_fretefree,2379,102,41892.89,google / cpc,Google Ads,Fundo,77800,2991,3602.56,Google
2025,2025-11-23,gads_bot_blackfriday_pmax_geral,2681,97,36168.27,google / cpc,Google Ads,Fundo,78168,3341,12644.2,Google
2025,2025-11-24,tt_ads_top_blackfriday_video_awareness,1571,10,1301.59,tiktok / cpc,TikTok Ads,Topo,107365,1267,553.6,TikTok
2025,2025-11-24,tt_ads_top_blackfriday_video_discovery,4753,47,6676.18,tiktok / cpc,TikTok Ads,Topo,196680,2415,808.32,TikTok
2025,2025-11-24,tt_ads_top_blackfriday_video_oferta,5473,62,6284.58,tiktok / cpc,TikTok Ads,Topo,277550,2601,1786.25,TikTok
2025,2025-11-24,meta_ads_mid_blackfriday_retargeting,3944,38,10067.02,meta / cpc,Meta Ads,Meio,86376,2424,3918.72,Meta
2025,2025-11-24,meta_ads_mid_blackfriday_engajamento,2206,15,3251.47,meta / cpc,Meta Ads,Meio,155940,2100,2238.18,Meta
2025,2025-11-24,meta_ads_mid_blackfriday_catalogo,6074,34,9957.44,meta / cpc,Meta Ads,Meio,128425,4006,5888.73,Meta
2025,2025-11-24,gads_bot_blackfriday_search_50off,2411,77,11826.12,google / cpc,Google Ads,Fundo,43194,2017,2472.59,Google
2025,2025-11-24,gads_bot_blackfriday_search_fretefree,2661,29,9709.13,google / cpc,Google Ads,Fundo,69921,2377,7007.1,Google
2025,2025-11-24,gads_bot_blackfriday_pmax_geral,1711,29,11180.85,google / cpc,Google Ads,Fundo,36648,1439,3031.29,Google
2025,2025-11-25,tt_ads_top_blackfriday_video_awareness,1554,12,1888.65,tiktok / cpc,TikTok Ads,Topo,133335,1141,933.77,TikTok
2025,2025-11-25,tt_ads_top_blackfriday_video_discovery,7171,51,11080.42,tiktok / cpc,TikTok Ads,Topo,188130,3589,3219.29,TikTok
2025,2025-11-25,tt_ads_top_blackfriday_video_oferta,5183,15,2416.49,tiktok / cpc,TikTok Ads,Topo,225001,2667,1818.69,TikTok
2025,2025-11-25,meta_ads_mid_blackfriday_retargeting,9050,157,21644.46,meta / cpc,Meta Ads,Meio,156823,5377,6187.62,Meta
2025,2025-11-25,meta_ads_mid_blackfriday_engajamento,1770,9,2246.39,meta / cpc,Meta Ads,Meio,88389,1037,858.77,Meta
2025,2025-11-25,meta_ads_mid_blackfriday_catalogo,3784,25,5876.41,meta / cpc,Meta Ads,Meio,72238,2335,3522.98,Meta
2025,2025-11-25,gads_bot_blackfriday_search_50off,1724,67,12343.84,google / cpc,Google Ads,Fundo,36845,1398,4633.01,Google
2025,2025-11-25,gads_bot_blackfriday_search_fretefree,1067,34,12066.41,google / cpc,Google Ads,Fundo,51825,1156,3290.39,Google
2025,2025-11-25,gads_bot_blackfriday_pmax_geral,707,33,9525.44,google / cpc,Google Ads,Fundo,36916,548,1071.14,Google
2025,2025-11-26,tt_ads_top_blackfriday_video_awareness,4569,18,3477.85,tiktok / cpc,TikTok Ads,Topo,286786,2567,1892.69,TikTok
2025,2025-11-26,tt_ads_top_blackfriday_video_discovery,1923,3,363.15,tiktok / cpc,TikTok Ads,Topo,196036,1256,466.1,TikTok
2025,2025-11-26,tt_ads_top_blackfriday_video_oferta,4636,18,1702.27,tiktok / cpc,TikTok Ads,Topo,146914,2787,1693.47,TikTok
2025,2025-11-26,meta_ads_mid_blackfriday_retargeting,5492,77,14181.91,meta / cpc,Meta Ads,Meio,146974,3816,2553.83,Meta
2025,2025-11-26,meta_ads_mid_blackfriday_engajamento,1338,12,3080.56,meta / cpc,Meta Ads,Meio,67018,1122,1193.35,Meta
2025,2025-11-26,meta_ads_mid_blackfriday_catalogo,5727,25,4885.2,meta / cpc,Meta Ads,Meio,120276,3667,2852.24,Meta
2025,2025-11-26,gads_bot_blackfriday_search_50off,2569,105,17232.11,google / cpc,Google Ads,Fundo,46907,2746,8551.85,Google
2025,2025-11-26,gads_bot_blackfriday_search_fretefree,1911,43,14840.36,google / cpc,Google Ads,Fundo,27413,1429,5976.65,Google
2025,2025-11-26,gads_bot_blackfriday_pmax_geral,857,16,3246.63,google / cpc,Google Ads,Fundo,24115,790,2245.09,Google
2025,2025-11-27,tt_ads_top_blackfriday_video_awareness,2517,14,2940.38,tiktok / cpc,TikTok Ads,Topo,124659,1180,377.23,TikTok
2025,2025-11-27,tt_ads_top_blackfriday_video_discovery,3883,42,5227.16,tiktok / cpc,TikTok Ads,Topo,287232,2084,1137.13,TikTok
2025,2025-11-27,tt_ads_top_blackfriday_video_oferta,3945,8,1759.44,tiktok / cpc,TikTok Ads,Topo,278957,2990,2071.44,TikTok
2025,2025-11-27,meta_ads_mid_blackfriday_retargeting,2600,15,2568.62,meta / cpc,Meta Ads,Meio,63967,2082,2311.59,Meta
2025,2025-11-27,meta_ads_mid_blackfriday_engajamento,1851,25,3348.68,meta / cpc,Meta Ads,Meio,90029,1141,1254.96,Meta
2025,2025-11-27,meta_ads_mid_blackfriday_catalogo,3951,38,7033.8,meta / cpc,Meta Ads,Meio,85600,2410,1475.18,Meta
2025,2025-11-27,gads_bot_blackfriday_search_50off,4386,86,24794.69,google / cpc,Google Ads,Fundo,62394,3399,7556.93,Google
2025,2025-11-27,gads_bot_blackfriday_search_fretefree,2545,25,4174.63,google / cpc,Google Ads,Fundo,52248,2271,7293.96,Google
2025,2025-11-27,gads_bot_blackfriday_pmax_geral,955,35,12085.47,google / cpc,Google Ads,Fundo,43406,1161,2684.21,Google
2025,2025-11-28,tt_ads_top_blackfriday_video_awareness,6217,33,4062.51,tiktok / cpc,TikTok Ads,Topo,259878,4294,2991.24,TikTok
2025,2025-11-28,tt_ads_top_blackfriday_video_discovery,3165,8,1589.9,tiktok / cpc,TikTok Ads,Topo,269779,1683,776.38,TikTok
2025,2025-11-28,tt_ads_top_blackfriday_video_oferta,2192,8,1051.57,tiktok / cpc,TikTok Ads,Topo,134833,1570,593.4,TikTok
2025,2025-11-28,meta_ads_mid_blackfriday_retargeting,2974,13,3830.07,meta / cpc,Meta Ads,Meio,84132,2564,4530.34,Meta
2025,2025-11-28,meta_ads_mid_blackfriday_engajamento,1113,20,4714.1,meta / cpc,Meta Ads,Meio,69957,971,724.79,Meta
2025,2025-11-28,meta_ads_mid_blackfriday_catalogo,4677,75,11104.0,meta / cpc,Meta Ads,Meio,85933,2662,2220.88,Meta
2025,2025-11-28,gads_bot_blackfriday_search_50off,3392,77,30677.63,google / cpc,Google Ads,Fundo,61829,2788,10381.32,Google
2025,2025-11-28,gads_bot_blackfriday_search_fretefree,737,14,3374.66,google / cpc,Google Ads,Fundo,15322,551,1538.53,Google
2025,2025-11-28,gads_bot_blackfriday_pmax_geral,2284,54,13213.35,google / cpc,Google Ads,Fundo,78939,2618,9899.09,Google
2025,2025-11-29,tt_ads_top_blackfriday_video_awareness,3388,10,1937.99,tiktok / cpc,TikTok Ads,Topo,126548,2171,778.32,TikTok
2025,2025-11-29,tt_ads_top_blackfriday_video_discovery,3444,36,3808.02,tiktok / cpc,TikTok Ads,Topo,192578,2624,2145.34,TikTok
2025,2025-11-29,tt_ads_top_blackfriday_video_oferta,8546,43,7104.17,tiktok / cpc,TikTok Ads,Topo,248062,4313,1634.75,TikTok
2025,2025-11-29,meta_ads_mid_blackfriday_retargeting,2771,35,8299.56,meta / cpc,Meta Ads,Meio,116939,1640,2698.94,Meta
2025,2025-11-29,meta_ads_mid_blackfriday_engajamento,7238,35,7122.0,meta / cpc,Meta Ads,Meio,155216,4602,5918.61,Meta
2025,2025-11-29,meta_ads_mid_blackfriday_catalogo,2665,32,7661.7,meta / cpc,Meta Ads,Meio,59173,1872,1239.64,Meta
2025,2025-11-29,gads_bot_blackfriday_search_50off,1087,46,17364.32,google / cpc,Google Ads,Fundo,42876,1203,3910.07,Google
2025,2025-11-29,gads_bot_blackfriday_search_fretefree,5146,106,42470.02,google / cpc,Google Ads,Fundo,89372,4351,16474.66,Google
2025,2025-11-29,gads_bot_blackfriday_pmax_geral,3016,91,19931.72,google / cpc,Google Ads,Fundo,83286,2586,4856.05,Google
2025,2025-11-30,tt_ads_top_blackfriday_video_awareness,5069,40,7310.76,tiktok / cpc,TikTok Ads,Topo,164085,2883,2215.87,TikTok
2025,2025-11-30,tt_ads_top_blackfriday_video_discovery,4672,24,5175.76,tiktok / cpc,TikTok Ads,Topo,219850,2276,2017.13,TikTok
2025,2025-11-30,tt_ads_top_blackfriday_video_oferta,9039,36,7302.7,tiktok / cpc,TikTok Ads,Topo,296364,4203,1739.58,TikTok
2025,2025-11-30,meta_ads_mid_blackfriday_retargeting,1563,24,4792.27,meta / cpc,Meta Ads,Meio,64032,1215,1028.38,Meta
2025,2025-11-30,meta_ads_mid_blackfriday_engajamento,3459,38,7072.61,meta / cpc,Meta Ads,Meio,99017,2556,1975.1,Meta
2025,2025-11-30,meta_ads_mid_blackfriday_catalogo,3220,28,4758.71,meta / cpc,Meta Ads,Meio,168253,2093,1487.04,Meta
2025,2025-11-30,gads_bot_blackfriday_search_50off,1238,14,4436.43,google / cpc,Google Ads,Fundo,53647,1035,3645.8,Google
2025,2025-11-30,gads_bot_blackfriday_search_fretefree,2717,62,10663.87,google / cpc,Google Ads,Fundo,60462,2434,7608.05,Google
2025,2025-11-30,gads_bot_blackfriday_pmax_geral,4369,120,34482.07,google / cpc,Google Ads,Fundo,86228,3610,15586.64,Google
