ano,data,campanha_sessao,sessoes,transacoes,receita,origem_midia_sessao
2024,2024-11-01,tt_ads_top_blackfriday_video_awareness,4966,17,2828.56,tiktok / cpc
2024,2024-11-01,tt_ads_top_blackfriday_video_discovery,2696,17,2089.35,tiktok / cpc
2024,2024-11-01,tt_ads_top_blackfriday_video_oferta,3760,29,5776.05,tiktok / cpc
2024,2024-11-01,meta_ads_mid_blackfriday_retargeting,2103,5,990.22,meta / cpc
2024,2024-11-01,meta_ads_mid_blackfriday_engajamento,1026,22,4358.72,meta / cpc
2024,2024-11-01,meta_ads_mid_blackfriday_catalogo,1665,24,5529.42,meta / cpc
2024,2024-11-01,gads_bot_blackfriday_search_50off,247,10,1746.76,google / cpc
2024,2024-11-01,gads_bot_blackfriday_search_fretefree,1297,21,4365.68,google / cpc
2024,2024-11-01,gads_bot_blackfriday_pmax_geral,902,12,3286.97,google / cpc
2024,2024-11-02,tt_ads_top_blackfriday_video_awareness,1092,13,2587.05,tiktok / cpc
2024,2024-11-02,tt_ads_top_blackfriday_video_discovery,2512,27,4340.33,tiktok / cpc
2024,2024-11-02,tt_ads_top_blackfriday_video_oferta,2668,15,1483.49,tiktok / cpc
2024,2024-11-02,meta_ads_mid_blackfriday_retargeting,440,9,1952.1,meta / cpc
2024,2024-11-02,meta_ads_mid_blackfriday_engajamento,1220,22,4439.21,meta / cpc
2024,2024-11-02,meta_ads_mid_blackfriday_catalogo,2849,29,5712.08,meta / cpc
2024,2024-11-02,gads_bot_blackfriday_search_50off,1081,11,2544.11,google / cpc
2024,2024-11-02,gads_bot_blackfriday_search_fretefree,256,6,2401.92,google / cpc
2024,2024-11-02,gads_bot_blackfriday_pmax_geral,1686,35,6757.2,google / cpc
2024,2024-11-03,tt_ads_top_blackfriday_video_awareness,4865,35,7161.69,tiktok / cpc
2024,2024-11-03,tt_ads_top_blackfriday_video_discovery,1630,7,1098.66,tiktok / cpc
2024,2024-11-03,tt_ads_top_blackfriday_video_oferta,5552,34,6722.22,tiktok / cpc
2024,2024-11-03,meta_ads_mid_blackfriday_retargeting,1343,12,2205.56,meta / cpc
2024,2024-11-03,meta_ads_mid_blackfriday_engajamento,2833,43,5953.88,meta / cpc
2024,2024-11-03,meta_ads_mid_blackfriday_catalogo,4168,47,12728.7,meta / cpc
2024,2024-11-03,gads_bot_blackfriday_search_50off,2738,86,16623.68,google / cpc
2024,2024-11-03,gads_bot_blackfriday_search_fretefree,227,8,2781.99,google / cpc
2024,2024-11-03,gads_bot_blackfriday_pmax_geral,1873,18,2792.97,google / cpc
2024,2024-11-04,tt_ads_top_blackfriday_video_awareness,1147,5,845.04,tiktok / cpc
2024,2024-11-04,tt_ads_top_blackfriday_video_discovery,2758,13,1565.8,tiktok / cpc
2024,2024-11-04,tt_ads_top_blackfriday_video_oferta,1149,9,1624.82,tiktok / cpc
2024,2024-11-04,meta_ads_mid_blackfriday_retargeting,1848,22,4271.35,meta / cpc
2024,2024-11-04,meta_ads_mid_blackfriday_engajamento,3543,55,7760.32,meta / cpc
2024,2024-11-04,meta_ads_mid_blackfriday_catalogo,1145,8,1524.28,meta / cpc
2024,2024-11-04,gads_bot_blackfriday_search_50off,703,4,1456.18,google / cpc
2024,2024-11-04,gads_bot_blackfriday_search_fretefree,1170,28,8950.9,google / cpc
2024,2024-11-04,gads_bot_blackfriday_pmax_geral,1204,34,12640.35,google / cpc
2024,2024-11-05,tt_ads_top_blackfriday_video_awareness,4909,38,5649.39,tiktok / cpc
2024,2024-11-05,tt_ads_top_blackfriday_video_discovery,4352,33,3842.9,tiktok / cpc
2024,2024-11-05,tt_ads_top_blackfriday_video_oferta,5133,31,6691.31,tiktok / cpc
2024,2024-11-05,meta_ads_mid_blackfriday_retargeting,5029,50,14974.64,meta / cpc
2024,2024-11-05,meta_ads_mid_blackfriday_engajamento,1491,14,2618.78,meta / cpc
2024,2024-11-05,meta_ads_mid_blackfriday_catalogo,4727,65,16092.56,meta / cpc
2024,2024-11-05,gads_bot_blackfriday_search_50off,2413,57,8631.77,google / cpc
2024,2024-11-05,gads_bot_blackfriday_search_fretefree,366,13,4694.68,google / cpc
2024,2024-11-05,gads_bot_blackfriday_pmax_geral,1552,49,9206.49,google / cpc
2024,2024-11-06,tt_ads_top_blackfriday_video_awareness,2115,25,4687.43,tiktok / cpc
2024,2024-11-06,tt_ads_top_blackfriday_video_discovery,2986,22,3850.82,tiktok / cpc
2024,2024-11-06,tt_ads_top_blackfriday_video_oferta,2756,13,2380.71,tiktok / cpc
2024,2024-11-06,meta_ads_mid_blackfriday_retargeting,1752,21,3432.87,meta / cpc
2024,2024-11-06,meta_ads_mid_blackfriday_engajamento,3646,28,3747.94,meta / cpc
2024,2024-11-06,meta_ads_mid_blackfriday_catalogo,2233,42,10025.9,meta / cpc
2024,2024-11-06,gads_bot_blackfriday_search_50off,1359,47,11168.05,google / cpc
2024,2024-11-06,gads_bot_blackfriday_search_fretefree,1947,25,7768.3,google / cpc
2024,2024-11-06,gads_bot_blackfriday_pmax_geral,1544,28,4868.19,google / cpc
2024,2024-11-07,tt_ads_top_blackfriday_video_awareness,1895,11,1034.54,tiktok / cpc
2024,2024-11-07,tt_ads_top_blackfriday_video_discovery,3151,29,3827.81,tiktok / cpc
2024,2024-11-07,tt_ads_top_blackfriday_video_oferta,933,5,1035.62,tiktok / cpc
2024,2024-11-07,meta_ads_mid_blackfriday_retargeting,884,4,1199.2,meta / cpc
2024,2024-11-07,meta_ads_mid_blackfriday_engajamento,828,10,2744.44,meta / cpc
2024,2024-11-07,meta_ads_mid_blackfriday_catalogo,1626,16,4177.17,meta / cpc
2024,2024-11-07,gads_bot_blackfriday_search_50off,3039,87,18500.11,google / cpc
2024,2024-11-07,gads_bot_blackfriday_search_fretefree,969,35,11152.6,google / cpc
2024,2024-11-07,gads_bot_blackfriday_pmax_geral,921,31,12941.98,google / cpc
2024,2024-11-08,tt_ads_top_blackfriday_video_awareness,2707,15,2513.86,tiktok / cpc
2024,2024-11-08,tt_ads_top_blackfriday_video_discovery,2399,12,1903.18,tiktok / cpc
2024,2024-11-08,tt_ads_top_blackfriday_video_oferta,4523,28,4976.22,tiktok / cpc
2024,2024-11-08,meta_ads_mid_blackfriday_retargeting,2654,55,8256.83,meta / cpc
2024,2024-11-08,meta_ads_mid_blackfriday_engajamento,2020,30,4568.52,meta / cpc
2024,2024-11-08,meta_ads_mid_blackfriday_catalogo,795,13,3519.44,meta / cpc
2024,2024-11-08,gads_bot_blackfriday_search_50off,774,30,12283.45,google / cpc
2024,2024-11-08,gads_bot_blackfriday_search_fretefree,235,9,1723.47,google / cpc
2024,2024-11-08,gads_bot_blackfriday_pmax_geral,3132,97,23845.48,google / cpc
2024,2024-11-09,tt_ads_top_blackfriday_video_awareness,3162,12,2026.68,tiktok / cpc
2024,2024-11-09,tt_ads_top_blackfriday_video_discovery,2672,8,1486.92,tiktok / cpc
2024,2024-11-09,tt_ads_top_blackfriday_video_oferta,5482,62,5822.01,tiktok / cpc
2024,2024-11-09,meta_ads_mid_blackfriday_retargeting,2447,49,13399.47,meta / cpc
2024,2024-11-09,meta_ads_mid_blackfriday_engajamento,2432,15,3066.59,meta / cpc
2024,2024-11-09,meta_ads_mid_blackfriday_catalogo,1863,35,8983.54,meta / cpc
2024,2024-11-09,gads_bot_blackfriday_search_50off,2854,59,12553.82,google / cpc
2024,2024-11-09,gads_bot_blackfriday_search_fretefree,1346,18,6631.85,google / cpc
2024,2024-11-09,gads_bot_blackfriday_pmax_geral,1135,46,8824.17,google / cpc
2024,2024-11-10,tt_ads_top_blackfriday_video_awareness,4747,15,2482.36,tiktok / cpc
2024,2024-11-10,tt_ads_top_blackfriday_video_discovery,3200,22,2762.61,tiktok / cpc
2024,2024-11-10,tt_ads_top_blackfriday_video_oferta,4065,41,3993.7,tiktok / cpc
2024,2024-11-10,meta_ads_mid_blackfriday_retargeting,861,12,2503.95,meta / cpc
2024,2024-11-10,meta_ads_mid_blackfriday_engajamento,2112,21,3760.72,meta / cpc
2024,2024-11-10,meta_ads_mid_blackfriday_catalogo,1755,10,1553.55,meta / cpc
2024,2024-11-10,gads_bot_blackfriday_search_50off,2785,52,15559.38,google / cpc
2024,2024-11-10,gads_bot_blackfriday_search_fretefree,592,14,2800.32,google / cpc
2024,2024-11-10,gads_bot_blackfriday_pmax_geral,1324,36,14411.64,google / cpc
2024,2024-11-11,tt_ads_top_blackfriday_video_awareness,2571,4,554.77,tiktok / cpc
2024,2024-11-11,tt_ads_top_blackfriday_video_discovery,3393,25,4836.76,tiktok / cpc
2024,2024-11-11,tt_ads_top_blackfriday_video_oferta,3030,9,1065.3,tiktok / cpc
2024,2024-11-11,meta_ads_mid_blackfriday_retargeting,1012,19,4990.67,meta / cpc
2024,2024-11-11,meta_ads_mid_blackfriday_engajamento,3822,24,4859.96,meta / cpc
2024,2024-11-11,meta_ads_mid_blackfriday_catalogo,2296,8,1379.7,meta / cpc
2024,2024-11-11,gads_bot_blackfriday_search_50off,1327,53,14648.07,google / cpc
2024,2024-11-11,gads_bot_blackfriday_search_fretefree,643,23,9657.25,google / cpc
2024,2024-11-11,gads_bot_blackfriday_pmax_geral,2957,122,23923.13,google / cpc
2024,2024-11-12,tt_ads_top_blackfriday_video_awareness,703,1,161.65,tiktok / cpc
2024,2024-11-12,tt_ads_top_blackfriday_video_discovery,4555,9,839.22,tiktok / cpc
2024,2024-11-12,tt_ads_top_blackfriday_video_oferta,6155,15,2536.22,tiktok / cpc
2024,2024-11-12,meta_ads_mid_blackfriday_retargeting,1976,15,3963.9,meta / cpc
2024,2024-11-12,meta_ads_mid_blackfriday_engajamento,3122,25,6048.27,meta / cpc
2024,2024-11-12,meta_ads_mid_blackfriday_catalogo,1316,11,1451.01,meta / cpc
2024,2024-11-12,gads_bot_blackfriday_search_50off,1750,21,8601.66,google / cpc
2024,2024-11-12,gads_bot_blackfriday_search_fretefree,1225,29,9137.76,google / cpc
2024,2024-11-12,gads_bot_blackfriday_pmax_geral,533,19,6641.41,google / cpc
2024,2024-11-13,tt_ads_top_blackfriday_video_awareness,2235,23,2100.75,tiktok / cpc
2024,2024-11-13,tt_ads_top_blackfriday_video_discovery,1654,4,536.79,tiktok / cpc
2024,2024-11-13,tt_ads_top_blackfriday_video_oferta,2179,13,1750.32,tiktok / cpc
2024,2024-11-13,meta_ads_mid_blackfriday_retargeting,1247,7,1045.12,meta / cpc
2024,2024-11-13,meta_ads_mid_blackfriday_engajamento,1480,28,5611.44,meta / cpc
2024,2024-11-13,meta_ads_mid_blackfriday_catalogo,2966,48,12273.42,meta / cpc
2024,2024-11-13,gads_bot_blackfriday_search_50off,2242,59,15400.38,google / cpc
2024,2024-11-13,gads_bot_blackfriday_search_fretefree,1885,67,14963.84,google / cpc
2024,2024-11-13,gads_bot_blackfriday_pmax_geral,397,10,3743.56,google / cpc
2024,2024-11-14,tt_ads_top_blackfriday_video_awareness,4190,26,3353.8,tiktok / cpc
2024,2024-11-14,tt_ads_top_blackfriday_video_discovery,2667,8,841.25,tiktok / cpc
2024,2024-11-14,tt_ads_top_blackfriday_video_oferta,2881,25,5277.55,tiktok / cpc
2024,2024-11-14,meta_ads_mid_blackfriday_retargeting,5612,69,19437.96,meta / cpc
2024,2024-11-14,meta_ads_mid_blackfriday_engajamento,1482,8,1790.67,meta / cpc
2024,2024-11-14,meta_ads_mid_blackfriday_catalogo,1414,31,4918.0,meta / cpc
2024,2024-11-14,gads_bot_blackfriday_search_50off,2121,71,20854.04,google / cpc
2024,2024-11-14,gads_bot_blackfriday_search_fretefree,1683,35,14117.08,google / cpc
2024,2024-11-14,gads_bot_blackfriday_pmax_geral,3590,84,17737.51,google / cpc
2024,2024-11-15,tt_ads_top_blackfriday_video_awareness,2155,9,1773.56,tiktok / cpc
2024,2024-11-15,tt_ads_top_blackfriday_video_discovery,3586,34,4510.55,tiktok / cpc
2024,2024-11-15,tt_ads_top_blackfriday_video_oferta,4511,31,6178.86,tiktok / cpc
2024,2024-11-15,meta_ads_mid_blackfriday_retargeting,1162,10,2026.42,meta / cpc
2024,2024-11-15,meta_ads_mid_blackfriday_engajamento,5476,29,8354.17,meta / cpc
2024,2024-11-15,meta_ads_mid_blackfriday_catalogo,2370,23,5477.54,meta / cpc
2024,2024-11-15,gads_bot_blackfriday_search_50off,1381,50,8424.08,google / cpc
2024,2024-11-15,gads_bot_blackfriday_search_fretefree,1576,51,13202.17,google / cpc
2024,2024-11-15,gads_bot_blackfriday_pmax_geral,655,15,4987.08,google / cpc
2024,2024-11-16,tt_ads_top_blackfriday_video_awareness,3750,7,1382.84,tiktok / cpc
2024,2024-11-16,tt_ads_top_blackfriday_video_discovery,4815,16,3269.01,tiktok / cpc
2024,2024-11-16,tt_ads_top_blackfriday_video_oferta,2763,33,3915.71,tiktok / cpc
2024,2024-11-16,meta_ads_mid_blackfriday_retargeting,7079,124,29062.45,meta / cpc
2024,2024-11-16,meta_ads_mid_blackfriday_engajamento,2549,31,4537.11,meta / cpc
2024,2024-11-16,meta_ads_mid_blackfriday_catalogo,5923,76,14305.27,meta / cpc
2024,2024-11-16,gads_bot_blackfriday_search_50off,1392,26,7922.76,google / cpc
2024,2024-11-16,gads_bot_blackfriday_search_fretefree,575,10,1517.22,google / cpc
2024,2024-11-16,gads_bot_blackfriday_pmax_geral,3975,148,60032.38,google / cpc
2024,2024-11-17,tt_ads_top_blackfriday_video_awareness,2519,27,2520.45,tiktok / cpc
2024,2024-11-17,tt_ads_top_blackfriday_video_discovery,4689,46,5223.48,tiktok / cpc
2024,2024-11-17,tt_ads_top_blackfriday_video_oferta,4885,21,2356.66,tiktok / cpc
2024,2024-11-17,meta_ads_mid_blackfriday_retargeting,1458,7,966.31,meta / cpc
2024,2024-11-17,meta_ads_mid_blackfriday_engajamento,3085,32,4778.99,meta / cpc
2024,2024-11-17,meta_ads_mid_blackfriday_catalogo,2003,10,1270.91,meta / cpc
2024,2024-11-17,gads_bot_blackfriday_search_50off,840,10,3074.78,google / cpc
2024,2024-11-17,gads_bot_blackfriday_search_fretefree,2731,116,34444.3,google / cpc
2024,2024-11-17,gads_bot_blackfriday_pmax_geral,1379,58,14568.15,google / cpc
2024,2024-11-18,tt_ads_top_blackfriday_video_awareness,8684,24,2865.37,tiktok / cpc
2024,2024-11-18,tt_ads_top_blackfriday_video_discovery,1999,6,803.21,tiktok / cpc
2024,2024-11-18,tt_ads_top_blackfriday_video_oferta,3656,19,2535.97,tiktok / cpc
2024,2024-11-18,meta_ads_mid_blackfriday_retargeting,751,3,668.88,meta / cpc
2024,2024-11-18,meta_ads_mid_blackfriday_engajamento,2106,16,2959.9,meta / cpc
2024,2024-11-18,meta_ads_mid_blackfriday_catalogo,1491,5,631.21,meta / cpc
2024,2024-11-18,gads_bot_blackfriday_search_50off,4764,68,26468.54,google / cpc
2024,2024-11-18,gads_bot_blackfriday_search_fretefree,3149,85,18270.2,google / cpc
2024,2024-11-18,gads_bot_blackfriday_pmax_geral,2815,69,22855.78,google / cpc
2024,2024-11-19,tt_ads_top_blackfriday_video_awareness,4286,18,3932.91,tiktok / cpc
2024,2024-11-19,tt_ads_top_blackfriday_video_discovery,4079,22,3751.46,tiktok / cpc
2024,2024-11-19,tt_ads_top_blackfriday_video_oferta,5836,35,5717.25,tiktok / cpc
2024,2024-11-19,meta_ads_mid_blackfriday_retargeting,2704,54,11886.17,meta / cpc
2024,2024-11-19,meta_ads_mid_blackfriday_engajamento,1715,6,1681.11,meta / cpc
2024,2024-11-19,meta_ads_mid_blackfriday_catalogo,2154,20,2853.44,meta / cpc
2024,2024-11-19,gads_bot_blackfriday_search_50off,2686,91,21618.77,google / cpc
2024,2024-11-19,gads_bot_blackfriday_search_fretefree,869,37,7810.46,google / cpc
2024,2024-11-19,gads_bot_blackfriday_pmax_geral,3167,102,21323.38,google / cpc
2024,2024-11-20,tt_ads_top_blackfriday_video_awareness,7334,45,9483.83,tiktok / cpc
2024,2024-11-20,tt_ads_top_blackfriday_video_discovery,2568,6,741.7,tiktok / cpc
2024,2024-11-20,tt_ads_top_blackfriday_video_oferta,2790,11,1413.18,tiktok / cpc
2024,2024-11-20,meta_ads_mid_blackfriday_retargeting,4622,22,6165.92,meta / cpc
2024,2024-11-20,meta_ads_mid_blackfriday_engajamento,3232,16,3650.63,meta / cpc
2024,2024-11-20,meta_ads_mid_blackfriday_catalogo,5669,78,11371.67,meta / cpc
2024,2024-11-20,gads_bot_blackfriday_search_50off,927,20,4176.61,google / cpc
2024,2024-11-20,gads_bot_blackfriday_search_fretefree,1271,46,7101.74,google / cpc
2024,2024-11-20,gads_bot_blackfriday_pmax_geral,2438,89,35419.09,google / cpc
2024,2024-11-21,tt_ads_top_blackfriday_video_awareness,1494,9,1722.39,tiktok / cpc
2024,2024-11-21,tt_ads_top_blackfriday_video_discovery,3577,31,6220.14,tiktok / cpc
2024,2024-11-21,tt_ads_top_blackfriday_video_oferta,7086,48,4850.75,tiktok / cpc
2024,2024-11-21,meta_ads_mid_blackfriday_retargeting,1539,16,2429.46,meta / cpc
2024,2024-11-21,meta_ads_mid_blackfriday_engajamento,6838,88,24398.12,meta / cpc
2024,2024-11-21,meta_ads_mid_blackfriday_catalogo,2042,28,4948.81,meta / cpc
2024,2024-11-21,gads_bot_blackfriday_search_50off,3140,111,37431.86,google / cpc
2024,2024-11-21,gads_bot_blackfriday_search_fretefree,4502,137,27453.81,google / cpc
2024,2024-11-21,gads_bot_blackfriday_pmax_geral,1140,34,12902.63,google / cpc
2024,2024-11-22,tt_ads_top_blackfriday_video_awareness,2783,8,1329.01,tiktok / cpc
2024,2024-11-22,tt_ads_top_blackfriday_video_discovery,5567,43,8454.18,tiktok / cpc
2024,2024-11-22,tt_ads_top_blackfriday_video_oferta,6260,31,6408.68,tiktok / cpc
2024,2024-11-22,meta_ads_mid_blackfriday_retargeting,3730,41,9650.33,meta / cpc
2024,2024-11-22,meta_ads_mid_blackfriday_engajamento,3915,80,9901.45,meta / cpc
2024,2024-11-22,meta_ads_mid_blackfriday_catalogo,2505,45,8083.95,meta / cpc
2024,2024-11-22,gads_bot_blackfriday_search_50off,3054,122,26563.96,google / cpc
2024,2024-11-22,gads_bot_blackfriday_search_fretefree,2733,59,9838.25,google / cpc
2024,2024-11-22,gads_bot_blackfriday_pmax_geral,611,15,3686.65,google / cpc
2024,2024-11-23,tt_ads_top_blackfriday_video_awareness,4622,35,5037.46,tiktok / cpc
2024,2024-11-23,tt_ads_top_blackfriday_video_discovery,7959,55,11775.15,tiktok / cpc
2024,2024-11-23,tt_ads_top_blackfriday_video_oferta,1937,12,1706.28,tiktok / cpc
2024,2024-11-23,meta_ads_mid_blackfriday_retargeting,5652,82,12922.34,meta / cpc
2024,2024-11-23,meta_ads_mid_blackfriday_engajamento,4855,73,16341.54,meta / cpc
2024,2024-11-23,meta_ads_mid_blackfriday_catalogo,5254,104,19898.97,meta / cpc
2024,2024-11-23,gads_bot_blackfriday_search_50off,1100,33,10257.51,google / cpc
2024,2024-11-23,gads_bot_blackfriday_search_fretefree,1363,27,8643.38,google / cpc
2024,2024-11-23,gads_bot_blackfriday_pmax_geral,1051,42,7710.08,google / cpc
2024,2024-11-24,tt_ads_top_blackfriday_video_awareness,5579,28,5926.81,tiktok / cpc
2024,2024-11-24,tt_ads_top_blackfriday_video_discovery,4736,45,4553.87,tiktok / cpc
2024,2024-11-24,tt_ads_top_blackfriday_video_oferta,6497,25,2427.34,tiktok / cpc
2024,2024-11-24,meta_ads_mid_blackfriday_retargeting,4126,18,4818.38,meta / cpc
2024,2024-11-24,meta_ads_mid_blackfriday_engajamento,3327,55,14776.73,meta / cpc
2024,2024-11-24,meta_ads_mid_blackfriday_catalogo,4474,29,6745.9,meta / cpc
2024,2024-11-24,gads_bot_blackfriday_search_50off,1777,52,10983.89,google / cpc
2024,2024-11-24,gads_bot_blackfriday_search_fretefree,1494,16,3196.86,google / cpc
2024,2024-11-24,gads_bot_blackfriday_pmax_geral,3656,100,28048.95,google / cpc
2024,2024-11-25,tt_ads_top_blackfriday_video_awareness,6002,36,3530.35,tiktok / cpc
2024,2024-11-25,tt_ads_top_blackfriday_video_discovery,4743,18,2886.57,tiktok / cpc
2024,2024-11-25,tt_ads_top_blackfriday_video_oferta,4338,44,8777.19,tiktok / cpc
2024,2024-11-25,meta_ads_mid_blackfriday_retargeting,2020,23,3777.81,meta / cpc
2024,2024-11-25,meta_ads_mid_blackfriday_engajamento,3779,51,14831.64,meta / cpc
2024,2024-11-25,meta_ads_mid_blackfriday_catalogo,2352,27,6359.24,meta / cpc
2024,2024-11-25,gads_bot_blackfriday_search_50off,2234,27,6494.86,google / cpc
2024,2024-11-25,gads_bot_blackfriday_search_fretefree,1339,32,6847.02,google / cpc
2024,2024-11-25,gads_bot_blackfriday_pmax_geral,1285,42,12502.17,google / cpc
2024,2024-11-26,tt_ads_top_blackfriday_video_awareness,3636,29,6351.78,tiktok / cpc
2024,2024-11-26,tt_ads_top_blackfriday_video_discovery,5137,15,2128.7,tiktok / cpc
2024,2024-11-26,tt_ads_top_blackfriday_video_oferta,4458,20,3700.26,tiktok / cpc
2024,2024-11-26,meta_ads_mid_blackfriday_retargeting,1693,28,7412.99,meta / cpc
2024,2024-11-26,meta_ads_mid_blackfriday_engajamento,7045,75,16014.76,meta / cpc
2024,2024-11-26,meta_ads_mid_blackfriday_catalogo,9290,176,49855.09,meta / cpc
2024,2024-11-26,gads_bot_blackfriday_search_50off,3342,99,30235.61,google / cpc
2024,2024-11-26,gads_bot_blackfriday_search_fretefree,1004,21,4341.31,google / cpc
2024,2024-11-26,gads_bot_blackfriday_pmax_geral,2924,80,14876.73,google / cpc
2024,2024-11-27,tt_ads_top_blackfriday_video_awareness,2052,10,1274.64,tiktok / cpc
2024,2024-11-27,tt_ads_top_blackfriday_video_discovery,4620,15,2490.41,tiktok / cpc
2024,2024-11-27,tt_ads_top_blackfriday_video_oferta,3063,17,1732.04,tiktok / cpc
2024,2024-11-27,meta_ads_mid_blackfriday_retargeting,2073,31,4815.32,meta / cpc
2024,2024-11-27,meta_ads_mid_blackfriday_engajamento,2437,42,9552.91,meta / cpc
2024,2024-11-27,meta_ads_mid_blackfriday_catalogo,5372,40,6577.37,meta / cpc
2024,2024-11-27,gads_bot_blackfriday_search_50off,777,16,5058.62,google / cpc
2024,2024-11-27,gads_bot_blackfriday_search_fretefree,2446,50,18460.19,google / cpc
2024,2024-11-27,gads_bot_blackfriday_pmax_geral,3857,152,61080.18,google / cpc
2024,2024-11-28,tt_ads_top_blackfriday_video_awareness,5157,53,11638.98,tiktok / cpc
2024,2024-11-28,tt_ads_top_blackfriday_video_discovery,6574,13,1560.53,tiktok / cpc
2024,2024-11-28,tt_ads_top_blackfriday_video_oferta,5161,47,7285.36,tiktok / cpc
2024,2024-11-28,meta_ads_mid_blackfriday_retargeting,4052,85,14982.75,meta / cpc
2024,2024-11-28,meta_ads_mid_blackfriday_engajamento,5028,102,24938.8,meta / cpc
2024,2024-11-28,meta_ads_mid_blackfriday_catalogo,2617,33,8292.1,meta / cpc
2024,2024-11-28,gads_bot_blackfriday_search_50off,1727,57,20018.85,google / cpc
2024,2024-11-28,gads_bot_blackfriday_search_fretefree,2557,57,20606.33,google / cpc
2024,2024-11-28,gads_bot_blackfriday_pmax_geral,3208,39,10969.41,google / cpc
2024,2024-11-29,tt_ads_top_blackfriday_video_awareness,2696,28,5706.78,tiktok / cpc
2024,2024-11-29,tt_ads_top_blackfriday_video_discovery,1800,10,1797.42,tiktok / cpc
2024,2024-11-29,tt_ads_top_blackfriday_video_oferta,6938,32,4962.41,tiktok / cpc
2024,2024-11-29,meta_ads_mid_blackfriday_retargeting,2693,63,9116.98,meta / cpc
2024,2024-11-29,meta_ads_mid_blackfriday_engajamento,3235,32,8516.81,meta / cpc
2024,2024-11-29,meta_ads_mid_blackfriday_catalogo,5637,82,19843.2,meta / cpc
2024,2024-11-29,gads_bot_blackfriday_search_50off,1342,15,5155.73,google / cpc
2024,2024-11-29,gads_bot_blackfriday_search_fretefree,1904,69,20576.19,google / cpc
2024,2024-11-29,gads_bot_blackfriday_pmax_geral,2156,69,18936.54,google / cpc
2024,2024-11-30,tt_ads_top_blackfriday_video_awareness,4965,37,6682.69,tiktok / cpc
2024,2024-11-30,tt_ads_top_blackfriday_video_discovery,6236,19,2717.21,tiktok / cpc
2024,2024-11-30,tt_ads_top_blackfriday_video_oferta,2480,8,1699.74,tiktok / cpc
2024,2024-11-30,meta_ads_mid_blackfriday_retargeting,2859,41,5947.7,meta / cpc
2024,2024-11-30,meta_ads_mid_blackfriday_engajamento,2458,24,4366.48,meta / cpc
2024,2024-11-30,meta_ads_mid_blackfriday_catalogo,3632,58,12237.64,meta / cpc
2024,2024-11-30,gads_bot_blackfriday_search_50off,3238,87,22967.3,google / cpc
2024,2024-11-30,gads_bot_blackfriday_search_fretefree,1619,58,15261.07,google / cpc
2024,2024-11-30,gads_bot_blackfriday_pmax_geral,1266,47,19685.87,google / cpc
2025,2025-11-01,tt_ads_top_blackfriday_video_awareness,2961,12,1422.63,tiktok / cpc
2025,2025-11-01,tt_ads_top_blackfriday_video_discovery,3102,12,2209.49,tiktok / cpc
2025,2025-11-01,tt_ads_top_blackfriday_video_oferta,4375,14,2192.55,tiktok / cpc
2025,2025-11-01,meta_ads_mid_blackfriday_retargeting,601,9,1137.66,meta / cpc
2025,2025-11-01,meta_ads_mid_blackfriday_engajamento,1136,7,1079.24,meta / cpc
2025,2025-11-01,meta_ads_mid_blackfriday_catalogo,1734,19,4590.51,meta / cpc
2025,2025-11-01,gads_bot_blackfriday_search_50off,1588,64,9771.26,google / cpc
2025,2025-11-01,gads_bot_blackfriday_search_fretefree,2188,81,14279.41,google / cpc
2025,2025-11-01,gads_bot_blackfriday_pmax_geral,548,18,4339.43,google / cpc
2025,2025-11-02,tt_ads_top_blackfriday_video_awareness,3200,9,1459.99,tiktok / cpc
2025,2025-11-02,tt_ads_top_blackfriday_video_discovery,2634,11,2242.54,tiktok / cpc
2025,2025-11-02,tt_ads_top_blackfriday_video_oferta,1369,11,1076.12,tiktok / cpc
2025,2025-11-02,meta_ads_mid_blackfriday_retargeting,736,7,1047.0,meta / cpc
2025,2025-11-02,meta_ads_mid_blackfriday_engajamento,1149,4,1134.79,meta / cpc
2025,2025-11-02,meta_ads_mid_blackfriday_catalogo,3740,58,7772.82,meta / cpc
2025,2025-11-02,gads_bot_blackfriday_search_50off,749,34,6928.84,google / cpc
2025,2025-11-02,gads_bot_blackfriday_search_fretefree,730,13,3861.39,google / cpc
2025,2025-11-02,gads_bot_blackfriday_pmax_geral,1602,42,15331.64,google / cpc
2025,2025-11-03,tt_ads_top_blackfriday_video_awareness,1539,5,718.79,tiktok / cpc
2025,2025-11-03,tt_ads_top_blackfriday_video_discovery,1996,22,2383.83,tiktok / cpc
2025,2025-11-03,tt_ads_top_blackfriday_video_oferta,1692,18,2512.98,tiktok / cpc
2025,2025-11-03,meta_ads_mid_blackfriday_retargeting,450,5,1444.26,meta / cpc
2025,2025-11-03,meta_ads_mid_blackfriday_engajamento,1840,23,6106.23,meta / cpc
2025,2025-11-03,meta_ads_mid_blackfriday_catalogo,2675,27,3961.74,meta / cpc
2025,2025-11-03,gads_bot_blackfriday_search_50off,851,17,3157.11,google / cpc
2025,2025-11-03,gads_bot_blackfriday_search_fretefree,339,9,3041.47,google / cpc
2025,2025-11-03,gads_bot_blackfriday_pmax_geral,350,3,829.92,google / cpc
2025,2025-11-04,tt_ads_top_blackfriday_video_awareness,4919,14,2504.64,tiktok / cpc
2025,2025-11-04,tt_ads_top_blackfriday_video_discovery,2590,11,1069.71,tiktok / cpc
2025,2025-11-04,tt_ads_top_blackfriday_video_oferta,1982,3,386.21,tiktok / cpc
2025,2025-11-04,meta_ads_mid_blackfriday_retargeting,5626,30,6212.85,meta / cpc
2025,2025-11-04,meta_ads_mid_blackfriday_engajamento,970,22,3454.95,meta / cpc
2025,2025-11-04,meta_ads_mid_blackfriday_catalogo,1266,18,3954.94,meta / cpc
2025,2025-11-04,gads_bot_blackfriday_search_50off,1122,27,6762.48,google / cpc
2025,2025-11-04,gads_bot_blackfriday_search_fretefree,707,29,10127.97,google / cpc
2025,2025-11-04,gads_bot_blackfriday_pmax_geral,1586,36,12630.76,google / cpc
2025,2025-11-05,tt_ads_top_blackfriday_video_awareness,3085,13,2795.02,tiktok / cpc
2025,2025-11-05,tt_ads_top_blackfriday_video_discovery,3902,30,5672.48,tiktok / cpc
2025,2025-11-05,tt_ads_top_blackfriday_video_oferta,1440,12,2403.62,tiktok / cpc
2025,2025-11-05,meta_ads_mid_blackfriday_retargeting,2229,33,8742.28,meta / cpc
2025,2025-11-05,meta_ads_mid_blackfriday_engajamento,3480,36,9173.28,meta / cpc
2025,2025-11-05,meta_ads_mid_blackfriday_catalogo,1550,13,2243.07,meta / cpc
2025,2025-11-05,gads_bot_blackfriday_search_50off,506,13,5345.12,google / cpc
2025,2025-11-05,gads_bot_blackfriday_search_fretefree,3080,119,25952.31,google / cpc
2025,2025-11-05,gads_bot_blackfriday_pmax_geral,425,4,642.41,google / cpc
2025,2025-11-06,tt_ads_top_blackfriday_video_awareness,3561,31,5209.01,tiktok / cpc
2025,2025-11-06,tt_ads_top_blackfriday_video_discovery,6722,55,9050.98,tiktok / cpc
2025,2025-11-06,tt_ads_top_blackfriday_video_oferta,1805,9,1764.42,tiktok / cpc
2025,2025-11-06,meta_ads_mid_blackfriday_retargeting,1944,16,4381.1,meta / cpc
2025,2025-11-06,meta_ads_mid_blackfriday_engajamento,2424,34,5192.72,meta / cpc
2025,2025-11-06,meta_ads_mid_blackfriday_catalogo,996,7,1640.51,meta / cpc
2025,2025-11-06,gads_bot_blackfriday_search_50off,1372,51,19463.76,google / cpc
2025,2025-11-06,gads_bot_blackfriday_search_fretefree,1201,37,8136.45,google / cpc
2025,2025-11-06,gads_bot_blackfriday_pmax_geral,3226,108,43103.13,google / cpc
2025,2025-11-07,tt_ads_top_blackfriday_video_awareness,1927,13,1997.74,tiktok / cpc
2025,2025-11-07,tt_ads_top_blackfriday_video_discovery,910,4,456.6,tiktok / cpc
2025,2025-11-07,tt_ads_top_blackfriday_video_oferta,2390,16,2350.45,tiktok / cpc
2025,2025-11-07,meta_ads_mid_blackfriday_retargeting,2598,48,10100.49,meta / cpc
2025,2025-11-07,meta_ads_mid_blackfriday_engajamento,3209,33,5957.76,meta / cpc
2025,2025-11-07,meta_ads_mid_blackfriday_catalogo,2359,25,5763.84,meta / cpc
2025,2025-11-07,gads_bot_blackfriday_search_50off,937,23,3915.1,google / cpc
2025,2025-11-07,gads_bot_blackfriday_search_fretefree,598,4,1222.95,google / cpc
2025,2025-11-07,gads_bot_blackfriday_pmax_geral,740,7,2626.57,google / cpc
2025,2025-11-08,tt_ads_top_blackfriday_video_awareness,2950,7,1038.66,tiktok / cpc
2025,2025-11-08,tt_ads_top_blackfriday_video_discovery,6096,22,2882.42,tiktok / cpc
2025,2025-11-08,tt_ads_top_blackfriday_video_oferta,4321,46,9941.05,tiktok / cpc
2025,2025-11-08,meta_ads_mid_blackfriday_retargeting,1186,12,2481.16,meta / cpc
2025,2025-11-08,meta_ads_mid_blackfriday_engajamento,1683,12,2488.97,meta / cpc
2025,2025-11-08,meta_ads_mid_blackfriday_catalogo,1803,24,3958.89,meta / cpc
2025,2025-11-08,gads_bot_blackfriday_search_50off,859,18,2777.9,google / cpc
2025,2025-11-08,gads_bot_blackfriday_search_fretefree,1514,44,7547.02,google / cpc
2025,2025-11-08,gads_bot_blackfriday_pmax_geral,698,32,8311.44,google / cpc
2025,2025-11-09,tt_ads_top_blackfriday_video_awareness,2570,20,3421.11,tiktok / cpc
2025,2025-11-09,tt_ads_top_blackfriday_video_discovery,2001,14,2491.05,tiktok / cpc
2025,2025-11-09,tt_ads_top_blackfriday_video_oferta,5284,40,6065.62,tiktok / cpc
2025,2025-11-09,meta_ads_mid_blackfriday_retargeting,3962,21,6241.99,meta / cpc
2025,2025-11-09,meta_ads_mid_blackfriday_engajamento,4293,31,8011.36,meta / cpc
2025,2025-11-09,meta_ads_mid_blackfriday_catalogo,1787,28,7821.6,meta / cpc
2025,2025-11-09,gads_bot_blackfriday_search_50off,1050,33,12341.43,google / cpc
2025,2025-11-09,gads_bot_blackfriday_search_fretefree,1193,29,9837.33,google / cpc
2025,2025-11-09,gads_bot_blackfriday_pmax_geral,2633,52,19003.89,google / cpc
2025,2025-11-10,tt_ads_top_blackfriday_video_awareness,3791,39,6768.88,tiktok / cpc
2025,2025-11-10,tt_ads_top_blackfriday_video_discovery,3061,26,2950.62,tiktok / cpc
2025,2025-11-10,tt_ads_top_blackfriday_video_oferta,2477,11,2051.59,tiktok / cpc
2025,2025-11-10,meta_ads_mid_blackfriday_retargeting,937,7,1437.63,meta / cpc
2025,2025-11-10,meta_ads_mid_blackfriday_engajamento,1241,12,3350.18,meta / cpc
2025,2025-11-10,meta_ads_mid_blackfriday_catalogo,3284,41,8014.69,meta / cpc
2025,2025-11-10,gads_bot_blackfriday_search_50off,1427,46,7376.94,google / cpc
2025,2025-11-10,gads_bot_blackfriday_search_fretefree,393,13,5143.85,google / cpc
2025,2025-11-10,gads_bot_blackfriday_pmax_geral,584,14,3895.91,google / cpc
2025,2025-11-11,tt_ads_top_blackfriday_video_awareness,4654,32,3226.21,tiktok / cpc
2025,2025-11-11,tt_ads_top_blackfriday_video_discovery,3730,23,2679.94,tiktok / cpc
2025,2025-11-11,tt_ads_top_blackfriday_video_oferta,4133,43,6735.52,tiktok / cpc
2025,2025-11-11,meta_ads_mid_blackfriday_retargeting,588,7,1434.25,meta / cpc
2025,2025-11-11,meta_ads_mid_blackfriday_engajamento,1960,24,6940.47,meta / cpc
2025,2025-11-11,meta_ads_mid_blackfriday_catalogo,2544,39,11585.66,meta / cpc
2025,2025-11-11,gads_bot_blackfriday_search_50off,1661,28,5593.32,google / cpc
2025,2025-11-11,gads_bot_blackfriday_search_fretefree,2735,35,12449.86,google / cpc
2025,2025-11-11,gads_bot_blackfriday_pmax_geral,607,23,6412.07,google / cpc
2025,2025-11-12,tt_ads_top_blackfriday_video_awareness,2230,23,4841.45,tiktok / cpc
2025,2025-11-12,tt_ads_top_blackfriday_video_discovery,1527,7,883.61,tiktok / cpc
2025,2025-11-12,tt_ads_top_blackfriday_video_oferta,2833,29,2817.22,tiktok / cpc
2025,2025-11-12,meta_ads_mid_blackfriday_retargeting,1012,5,995.61,meta / cpc
2025,2025-11-12,meta_ads_mid_blackfriday_engajamento,1315,17,4997.67,meta / cpc
2025,2025-11-12,meta_ads_mid_blackfriday_catalogo,593,6,1702.36,meta / cpc
2025,2025-11-12,gads_bot_blackfriday_search_50off,1049,27,9394.74,google / cpc
2025,2025-11-12,gads_bot_blackfriday_search_fretefree,2257,76,21625.79,google / cpc
2025,2025-11-12,gads_bot_blackfriday_pmax_geral,386,16,5041.0,google / cpc
2025,2025-11-13,tt_ads_top_blackfriday_video_awareness,2270,10,1399.87,tiktok / cpc
2025,2025-11-13,tt_ads_top_blackfriday_video_discovery,4030,34,5608.08,tiktok / cpc
2025,2025-11-13,tt_ads_top_blackfriday_video_oferta,2041,7,1089.1,tiktok / cpc
2025,2025-11-13,meta_ads_mid_blackfriday_retargeting,2132,22,6059.19,meta / cpc
2025,2025-11-13,meta_ads_mid_blackfriday_engajamento,2009,33,7423.65,meta / cpc
2025,2025-11-13,meta_ads_mid_blackfriday_catalogo,2125,46,7540.28,meta / cpc
2025,2025-11-13,gads_bot_blackfriday_search_50off,779,15,5877.0,google / cpc
2025,2025-11-13,gads_bot_blackfriday_search_fretefree,2811,98,21936.14,google / cpc
2025,2025-11-13,gads_bot_blackfriday_pmax_geral,717,15,3681.57,google / cpc
2025,2025-11-14,tt_ads_top_blackfriday_video_awareness,5193,22,4768.23,tiktok / cpc
2025,2025-11-14,tt_ads_top_blackfriday_video_discovery,2636,20,4356.69,tiktok / cpc
2025,2025-11-14,tt_ads_top_blackfriday_video_oferta,1526,1,177.99,tiktok / cpc
2025,2025-11-14,meta_ads_mid_blackfriday_retargeting,1088,14,2211.64,meta / cpc
2025,2025-11-14,meta_ads_mid_blackfriday_engajamento,1456,24,3193.92,meta / cpc
2025,2025-11-14,meta_ads_mid_blackfriday_catalogo,2677,40,8722.57,meta / cpc
2025,2025-11-14,gads_bot_blackfriday_search_50off,471,15,3130.68,google / cpc
2025,2025-11-14,gads_bot_blackfriday_search_fretefree,361,10,4077.6,google / cpc
2025,2025-11-14,gads_bot_blackfriday_pmax_geral,617,14,4012.4,google / cpc
2025,2025-11-15,tt_ads_top_blackfriday_video_awareness,4352,33,4513.01,tiktok / cpc
2025,2025-11-15,tt_ads_top_blackfriday_video_discovery,1541,9,1195.37,tiktok / cpc
2025,2025-11-15,tt_ads_top_blackfriday_video_oferta,6991,36,7038.41,tiktok / cpc
2025,2025-11-15,meta_ads_mid_blackfriday_retargeting,1199,10,2392.17,meta / cpc
2025,2025-11-15,meta_ads_mid_blackfriday_engajamento,4512,29,7404.39,meta / cpc
2025,2025-11-15,meta_ads_mid_blackfriday_catalogo,1255,17,4760.34,meta / cpc
2025,2025-11-15,gads_bot_blackfriday_search_50off,1630,51,8354.55,google / cpc
2025,2025-11-15,gads_bot_blackfriday_search_fretefree,262,5,1098.45,google / cpc
2025,2025-11-15,gads_bot_blackfriday_pmax_geral,1553,72,27668.13,google / cpc
2025,2025-11-16,tt_ads_top_blackfriday_video_awareness,3850,30,4951.68,tiktok / cpc
2025,2025-11-16,tt_ads_top_blackfriday_video_discovery,4370,8,1172.42,tiktok / cpc
2025,2025-11-16,tt_ads_top_blackfriday_video_oferta,6572,55,6117.98,tiktok / cpc
2025,2025-11-16,meta_ads_mid_blackfriday_retargeting,1960,30,6123.21,meta / cpc
2025,2025-11-16,meta_ads_mid_blackfriday_engajamento,1883,20,2671.0,meta / cpc
2025,2025-11-16,meta_ads_mid_blackfriday_catalogo,608,9,1299.77,meta / cpc
2025,2025-11-16,gads_bot_blackfriday_search_50off,2302,81,27685.39,google / cpc
2025,2025-11-16,gads_bot_blackfriday_search_fretefree,1101,30,7261.79,google / cpc
2025,2025-11-16,gads_bot_blackfriday_pmax_geral,2213,81,33460.99,google / cpc
2025,2025-11-17,tt_ads_top_blackfriday_video_awareness,2087,19,3962.19,tiktok / cpc
2025,2025-11-17,tt_ads_top_blackfriday_video_discovery,5144,36,5389.73,tiktok / cpc
2025,2025-11-17,tt_ads_top_blackfriday_video_oferta,5360,41,7106.99,tiktok / cpc
2025,2025-11-17,meta_ads_mid_blackfriday_retargeting,1971,25,4598.78,meta / cpc
2025,2025-11-17,meta_ads_mid_blackfriday_engajamento,1918,32,5384.51,meta / cpc
2025,2025-11-17,meta_ads_mid_blackfriday_catalogo,1906,32,8849.45,meta / cpc
2025,2025-11-17,gads_bot_blackfriday_search_50off,2552,67,11442.37,google / cpc
2025,2025-11-17,gads_bot_blackfriday_search_fretefree,2825,129,27819.96,google / cpc
2025,2025-11-17,gads_bot_blackfriday_pmax_geral,2420,102,37896.78,google / cpc
2025,2025-11-18,tt_ads_top_blackfriday_video_awareness,1897,12,1988.6,tiktok / cpc
2025,2025-11-18,tt_ads_top_blackfriday_video_discovery,3575,6,584.46,tiktok / cpc
2025,2025-11-18,tt_ads_top_blackfriday_video_oferta,2009,11,2161.88,tiktok / cpc
2025,2025-11-18,meta_ads_mid_blackfriday_retargeting,4413,60,10161.5,meta / cpc
2025,2025-11-18,meta_ads_mid_blackfriday_engajamento,3120,24,5801.17,meta / cpc
2025,2025-11-18,meta_ads_mid_blackfriday_catalogo,1707,28,4287.87,meta / cpc
2025,2025-11-18,gads_bot_blackfriday_search_50off,427,19,3138.38,google / cpc
2025,2025-11-18,gads_bot_blackfriday_search_fretefree,2876,51,16468.96,google / cpc
2025,2025-11-18,gads_bot_blackfriday_pmax_geral,894,32,6319.69,google / cpc
2025,2025-11-19,tt_ads_top_blackfriday_video_awareness,5663,27,2936.28,tiktok / cpc
2025,2025-11-19,tt_ads_top_blackfriday_video_discovery,5292,35,4209.6,tiktok / cpc
2025,2025-11-19,tt_ads_top_blackfriday_video_oferta,1477,20,2604.6,tiktok / cpc
2025,2025-11-19,meta_ads_mid_blackfriday_retargeting,829,7,1286.73,meta / cpc
2025,2025-11-19,meta_ads_mid_blackfriday_engajamento,2473,40,6712.94,meta / cpc
2025,2025-11-19,meta_ads_mid_blackfriday_catalogo,2883,60,14509.66,meta / cpc
2025,2025-11-19,gads_bot_blackfriday_search_50off,543,9,1699.6,google / cpc
2025,2025-11-19,gads_bot_blackfriday_search_fretefree,2312,37,11977.86,google / cpc
2025,2025-11-19,gads_bot_blackfriday_pmax_geral,2825,124,46102.86,google / cpc
2025,2025-11-20,tt_ads_top_blackfriday_video_awareness,4682,29,3613.2,tiktok / cpc
2025,2025-11-20,tt_ads_top_blackfriday_video_discovery,5502,40,7928.43,tiktok / cpc
2025,2025-11-20,tt_ads_top_blackfriday_video_oferta,4756,19,3638.33,tiktok / cpc
2025,2025-11-20,meta_ads_mid_blackfriday_retargeting,1831,29,5725.35,meta / cpc
2025,2025-11-20,meta_ads_mid_blackfriday_engajamento,2951,43,6512.81,meta / cpc
2025,2025-11-20,meta_ads_mid_blackfriday_catalogo,2092,12,2018.87,meta / cpc
2025,2025-11-20,gads_bot_blackfriday_search_50off,1673,60,9455.57,google / cpc
2025,2025-11-20,gads_bot_blackfriday_search_fretefree,2672,90,19211.26,google / cpc
2025,2025-11-20,gads_bot_blackfriday_pmax_geral,463,23,5124.4,google / cpc
2025,2025-11-21,tt_ads_top_blackfriday_video_awareness,3666,19,2364.97,tiktok / cpc
2025,2025-11-21,tt_ads_top_blackfriday_video_discovery,1875,24,2583.53,tiktok / cpc
2025,2025-11-21,tt_ads_top_blackfriday_video_oferta,3869,16,2062.8,tiktok / cpc
2025,2025-11-21,meta_ads_mid_blackfriday_retargeting,4519,35,6356.02,meta / cpc
2025,2025-11-21,meta_ads_mid_blackfriday_engajamento,2195,16,2399.63,meta / cpc
2025,2025-11-21,meta_ads_mid_blackfriday_catalogo,2516,39,11199.92,meta / cpc
2025,2025-11-21,gads_bot_blackfriday_search_50off,1093,23,3889.03,google / cpc
2025,2025-11-21,gads_bot_blackfriday_search_fretefree,856,25,9734.52,google / cpc
2025,2025-11-21,gads_bot_blackfriday_pmax_geral,1929,66,17337.76,google / cpc
2025,2025-11-22,tt_ads_top_blackfriday_video_awareness,8029,32,6872.54,tiktok / cpc
2025,2025-11-22,tt_ads_top_blackfriday_video_discovery,3638,18,3403.93,tiktok / cpc
2025,2025-11-22,tt_ads_top_blackfriday_video_oferta,2499,6,869.7,tiktok / cpc
2025,2025-11-22,meta_ads_mid_blackfriday_retargeting,7082,114,18461.55,meta / cpc
2025,2025-11-22,meta_ads_mid_blackfriday_engajamento,1822,30,5844.39,meta / cpc
2025,2025-11-22,meta_ads_mid_blackfriday_catalogo,3808,41,8520.7,meta / cpc
2025,2025-11-22,gads_bot_blackfriday_search_50off,922,32,9688.96,google / cpc
2025,2025-11-22,gads_bot_blackfriday_search_fretefree,2612,66,22707.22,google / cpc
2025,2025-11-22,gads_bot_blackfriday_pmax_geral,967,52,12509.11,google / cpc
2025,2025-11-23,tt_ads_top_blackfriday_video_awareness,3476,23,2456.85,tiktok / cpc
2025,2025-11-23,tt_ads_top_blackfriday_video_discovery,1571,9,1067.95,tiktok / cpc
2025,2025-11-23,tt_ads_top_blackfriday_video_oferta,2339,16,2917.68,tiktok / cpc
2025,2025-11-23,meta_ads_mid_blackfriday_retargeting,5343,70,11996.09,meta / cpc
2025,2025-11-23,meta_ads_mid_blackfriday_engajamento,9217,60,14198.73,meta / cpc
2025,2025-11-23,meta_ads_mid_blackfriday_catalogo,931,21,3991.89,meta / cpc
2025,2025-11-23,gads_bot_blackfriday_search_50off,803,11,2359.82,google / cpc
2025,2025-11-23,gads_bot_blackfriday_search_fretefree,2379,102,41892.89,google / cpc
2025,2025-11-23,gads_bot_blackfriday_pmax_geral,2681,97,36168.27,google / cpc
2025,2025-11-24,tt_ads_top_blackfriday_video_awareness,1571,10,1301.59,tiktok / cpc
2025,2025-11-24,tt_ads_top_blackfriday_video_discovery,4753,47,6676.18,tiktok / cpc
2025,2025-11-24,tt_ads_top_blackfriday_video_oferta,5473,62,6284.58,tiktok / cpc
2025,2025-11-24,meta_ads_mid_blackfriday_retargeting,3944,38,10067.02,meta / cpc
2025,2025-11-24,meta_ads_mid_blackfriday_engajamento,2206,15,3251.47,meta / cpc
2025,2025-11-24,meta_ads_mid_blackfriday_catalogo,6074,34,9957.44,meta / cpc
2025,2025-11-24,gads_bot_blackfriday_search_50off,2411,77,11826.12,google / cpc
2025,2025-11-24,gads_bot_blackfriday_search_fretefree,2661,29,9709.13,google / cpc
2025,2025-11-24,gads_bot_blackfriday_pmax_geral,1711,29,11180.85,google / cpc
2025,2025-11-25,tt_ads_top_blackfriday_video_awareness,1554,12,1888.65,tiktok / cpc
2025,2025-11-25,tt_ads_top_blackfriday_video_discovery,7171,51,11080.42,tiktok / cpc
2025,2025-11-25,tt_ads_top_blackfriday_video_oferta,5183,15,2416.49,tiktok / cpc
2025,2025-11-25,meta_ads_mid_blackfriday_retargeting,9050,157,21644.46,meta / cpc
2025,2025-11-25,meta_ads_mid_blackfriday_engajamento,1770,9,2246.39,meta / cpc
2025,2025-11-25,meta_ads_mid_blackfriday_catalogo,3784,25,5876.41,meta / cpc
2025,2025-11-25,gads_bot_blackfriday_search_50off,1724,67,12343.84,google / cpc
2025,2025-11-25,gads_bot_blackfriday_search_fretefree,1067,34,12066.41,google / cpc
2025,2025-11-25,gads_bot_blackfriday_pmax_geral,707,33,9525.44,google / cpc
2025,2025-11-26,tt_ads_top_blackfriday_video_awareness,4569,18,3477.85,tiktok / cpc
2025,2025-11-26,tt_ads_top_blackfriday_video_discovery,1923,3,363.15,tiktok / cpc
2025,2025-11-26,tt_ads_top_blackfriday_video_oferta,4636,18,1702.27,tiktok / cpc
2025,2025-11-26,meta_ads_mid_blackfriday_retargeting,5492,77,14181.91,meta / cpc
2025,2025-11-26,meta_ads_mid_blackfriday_engajamento,1338,12,3080.56,meta / cpc
2025,2025-11-26,meta_ads_mid_blackfriday_catalogo,5727,25,4885.2,meta / cpc
2025,2025-11-26,gads_bot_blackfriday_search_50off,2569,105,17232.11,google / cpc
2025,2025-11-26,gads_bot_blackfriday_search_fretefree,1911,43,14840.36,google / cpc
2025,2025-11-26,gads_bot_blackfriday_pmax_geral,857,16,3246.63,google / cpc
2025,2025-11-27,tt_ads_top_blackfriday_video_awareness,2517,14,2940.38,tiktok / cpc
2025,2025-11-27,tt_ads_top_blackfriday_video_discovery,3883,42,5227.16,tiktok / cpc
2025,2025-11-27,tt_ads_top_blackfriday_video_oferta,3945,8,1759.44,tiktok / cpc
2025,2025-11-27,meta_ads_mid_blackfriday_retargeting,2600,15,2568.62,meta / cpc
2025,2025-11-27,meta_ads_mid_blackfriday_engajamento,1851,25,3348.68,meta / cpc
2025,2025-11-27,meta_ads_mid_blackfriday_catalogo,3951,38,7033.8,meta / cpc
2025,2025-11-27,gads_bot_blackfriday_search_50off,4386,86,24794.69,google / cpc
2025,2025-11-27,gads_bot_blackfriday_search_fretefree,2545,25,4174.63,google / cpc
2025,2025-11-27,gads_bot_blackfriday_pmax_geral,955,35,12085.47,google / cpc
2025,2025-11-28,tt_ads_top_blackfriday_video_awareness,6217,33,4062.51,tiktok / cpc
2025,2025-11-28,tt_ads_top_blackfriday_video_discovery,3165,8,1589.9,tiktok / cpc
2025,2025-11-28,tt_ads_top_blackfriday_video_oferta,2192,8,1051.57,tiktok / cpc
2025,2025-11-28,meta_ads_mid_blackfriday_retargeting,2974,13,3830.07,meta / cpc
2025,2025-11-28,meta_ads_mid_blackfriday_engajamento,1113,20,4714.1,meta / cpc
2025,2025-11-28,meta_ads_mid_blackfriday_catalogo,4677,75,11104.0,meta / cpc
2025,2025-11-28,gads_bot_blackfriday_search_50off,3392,77,30677.63,google / cpc
2025,2025-11-28,gads_bot_blackfriday_search_fretefree,737,14,3374.66,google / cpc
2025,2025-11-28,gads_bot_blackfriday_pmax_geral,2284,54,13213.35,google / cpc
2025,2025-11-29,tt_ads_top_blackfriday_video_awareness,3388,10,1937.99,tiktok / cpc
2025,2025-11-29,tt_ads_top_blackfriday_video_discovery,3444,36,3808.02,tiktok / cpc
2025,2025-11-29,tt_ads_top_blackfriday_video_oferta,8546,43,7104.17,tiktok / cpc
2025,2025-11-29,meta_ads_mid_blackfriday_retargeting,2771,35,8299.56,meta / cpc
2025,2025-11-29,meta_ads_mid_blackfriday_engajamento,7238,35,7122.0,meta / cpc
2025,2025-11-29,meta_ads_mid_blackfriday_catalogo,2665,32,7661.7,meta / cpc
2025,2025-11-29,gads_bot_blackfriday_search_50off,1087,46,17364.32,google / cpc
2025,2025-11-29,gads_bot_blackfriday_search_fretefree,5146,106,42470.02,google / cpc
2025,2025-11-29,gads_bot_blackfriday_pmax_geral,3016,91,19931.72,google / cpc
2025,2025-11-30,tt_ads_top_blackfriday_video_awareness,5069,40,7310.76,tiktok / cpc
2025,2025-11-30,tt_ads_top_blackfriday_video_discovery,4672,24,5175.76,tiktok / cpc
2025,2025-11-30,tt_ads_top_blackfriday_video_oferta,9039,36,7302.7,tiktok / cpc
2025,2025-11-30,meta_ads_mid_blackfriday_retargeting,1563,24,4792.27,meta / cpc
2025,2025-11-30,meta_ads_mid_blackfriday_engajamento,3459,38,7072.61,meta / cpc
2025,2025-11-30,meta_ads_mid_blackfriday_catalogo,3220,28,4758.71,meta / cpc
2025,2025-11-30,gads_bot_blackfriday_search_50off,1238,14,4436.43,google / cpc
2025,2025-11-30,gads_bot_blackfriday_search_fretefree,2717,62,10663.87,google / cpc
2025,2025-11-30,gads_bot_blackfriday_pmax_geral,4369,120,34482.07,google / cpc
